"Timestamp","RunDate","Batch","Stage","Master","FilePath","Method","Status","Error","DurationS","RecipientsTo","Subject"
"2025-10-23 05:38:24","2025-10-23","05:00","Refresh","C:\Temp\ExcelAutomation\02 Data Update - 05.00 AM.xlsx","\\192.168.1.237\Accounts\SURESH_KAKEE_AUTOMATION PROJECTS\SOLAPUR (HO)\02. ACCOUNTS\19. SATYAM GOKHALE\FOC Sales To JE Doc Creation Data - 2025-26.xlsb","","OK","","15","",""
"2025-10-23 05:38:25","2025-10-23","05:00","Refresh","C:\Temp\ExcelAutomation\02 Data Update - 05.00 AM.xlsx","\\192.168.1.237\Accounts\SURESH_KAKEE_AUTOMATION PROJECTS\KOTHARI ONE\KothariOne\ImportProductStock.xlsx","","OK","","18","",""
"2025-10-23 05:38:29","2025-10-23","05:00","Refresh","C:\Temp\ExcelAutomation\02 Data Update - 05.00 AM.xlsx","\\192.168.1.237\Accounts\SURESH_KAKEE_AUTOMATION PROJECTS\SOLAPUR (HO)\02. ACCOUNTS\19. SATYAM GOKHALE\TDS & TCS Declation Work.xlsb","","OK","","20","",""
"2025-10-23 05:38:41","2025-10-23","05:00","Refresh","C:\Temp\ExcelAutomation\02 Data Update - 05.00 AM.xlsx","\\192.168.1.237\Accounts\SURESH_KAKEE_AUTOMATION PROJECTS\KOTHARI ONE\KothariOne\ImportDiscountMap.xlsx","","OK","","14","",""
"2025-10-23 05:38:42","2025-10-23","05:00","Refresh","C:\Temp\ExcelAutomation\02 Data Update - 05.00 AM.xlsx","\\192.168.1.237\Accounts\SURESH_KAKEE_AUTOMATION PROJECTS\KOTHARI ONE\KothariOne\ImportDealer.xlsx","","OK","","16","",""
"2025-10-23 05:38:47","2025-10-23","05:00","Refresh","C:\Temp\ExcelAutomation\02 Data Update - 05.00 AM.xlsx","\\192.168.1.237\Accounts\SURESH_KAKEE_AUTOMATION PROJECTS\KOTHARI ONE\KothariOne\ImportEmployeeBalance.xlsx","","OK","","15","",""
"2025-10-23 05:39:09","2025-10-23","05:00","Refresh","C:\Temp\ExcelAutomation\02 Data Update - 05.00 AM.xlsx","\\192.168.1.237\Accounts\SURESH_KAKEE_AUTOMATION PROJECTS\KOTHARI ONE\KothariOne\ImportProductMaster.xlsx","","OK","","24","",""
"2025-10-23 05:39:13","2025-10-23","05:00","Refresh","C:\Temp\ExcelAutomation\02 Data Update - 05.00 AM.xlsx","\\192.168.1.237\Accounts\SURESH_KAKEE_AUTOMATION PROJECTS\KOTHARI ONE\KothariOne\ImportPriceMaster.xlsx","","OK","","28","",""
"2025-10-23 05:39:14","2025-10-23","05:00","Refresh","C:\Temp\ExcelAutomation\02 Data Update - 05.00 AM.xlsx","\\192.168.1.237\Accounts\SURESH_KAKEE_AUTOMATION PROJECTS\KOTHARI ONE\KothariOne\ImportProductMasterProperties.xlsx","","OK","","25","",""
"2025-10-23 05:45:32","2025-10-23","05:00","Refresh","C:\Temp\ExcelAutomation\02 Data Update - 05.00 AM.xlsx","\\192.168.1.237\Accounts\SURESH_KAKEE_AUTOMATION PROJECTS\SOLAPUR (HO)\01. CA AND FINANCE\02. VINAYAK DIWANJI\COGS & Expenses Report\COGS & Expenses Report.xlsx","","OK","","380","",""
"2025-10-23 05:45:37","2025-10-23","05:00","Refresh","C:\Temp\ExcelAutomation\02 Data Update - 05.00 AM.xlsx","\\192.168.1.237\Accounts\SURESH_KAKEE_AUTOMATION PROJECTS\SOLAPUR (HO)\01. CA AND FINANCE\04. SACHIN HABIB\008 FMRM REPORTS-FY-2025-26\001. Irrigation Division\FY - 2025-26\1 Revenue, Collection & Outstanding Report - ID.xlsb","","OK","","380","",""
"2025-10-23 05:45:39","2025-10-23","05:00","Refresh","C:\Temp\ExcelAutomation\02 Data Update - 05.00 AM.xlsx","\\192.168.1.237\Accounts\SURESH_KAKEE_AUTOMATION PROJECTS\SOLAPUR (HO)\01. CA AND FINANCE\04. SACHIN HABIB\008 FMRM REPORTS-FY-2025-26\001. Irrigation Division\FY - 2025-26\6 On-Time In-Full OTIF - ID.xlsb","","OK","","384","",""
"2025-10-23 05:52:15","2025-10-23","05:00","Refresh","C:\Temp\ExcelAutomation\02 Data Update - 05.00 AM.xlsx","\\192.168.1.237\Accounts\SURESH_KAKEE_AUTOMATION PROJECTS\SOLAPUR (HO)\01. CA AND FINANCE\04. SACHIN HABIB\008 FMRM REPORTS-FY-2025-26\001. Irrigation Division\FY - 2025-26\6 On-Time In-Full OTIF - ALL DIVISION.xlsb","","OK","","395","",""
"2025-10-23 05:52:16","2025-10-23","05:00","Refresh","C:\Temp\ExcelAutomation\02 Data Update - 05.00 AM.xlsx","\\192.168.1.237\Accounts\SURESH_KAKEE_AUTOMATION PROJECTS\SOLAPUR (HO)\01. CA AND FINANCE\04. SACHIN HABIB\008 FMRM REPORTS-FY-2025-26\002. Pipe Division\PD Heads - FY -2025-26\Mr Rahul Chitnis Report - PD.xlsb","","OK","","396","",""
"2025-10-23 05:52:16","2025-10-23","05:00","Refresh","C:\Temp\ExcelAutomation\02 Data Update - 05.00 AM.xlsx","\\192.168.1.237\Accounts\SURESH_KAKEE_AUTOMATION PROJECTS\SOLAPUR (HO)\01. CA AND FINANCE\04. SACHIN HABIB\008 FMRM REPORTS-FY-2025-26\002. Pipe Division\PD Heads - FY -2025-26\Mr  Unnikrishnan Pillai - BD.xlsb","","OK","","393","",""
"2025-10-23 05:53:23","2025-10-23","05:00","Refresh","C:\Temp\ExcelAutomation\02 Data Update - 05.00 AM.xlsx","\\192.168.1.237\Accounts\SURESH_KAKEE_AUTOMATION PROJECTS\SOLAPUR (HO)\01. CA AND FINANCE\04. SACHIN HABIB\008 FMRM REPORTS-FY-2025-26\002. Pipe Division\PD Heads - FY -2025-26\Mr Mallinath Madgunaki Report - BD.xlsb","","OK","","64","",""
"2025-10-23 05:53:24","2025-10-23","05:00","Refresh","C:\Temp\ExcelAutomation\02 Data Update - 05.00 AM.xlsx","\\192.168.1.237\Accounts\SURESH_KAKEE_AUTOMATION PROJECTS\SOLAPUR (HO)\01. CA AND FINANCE\04. SACHIN HABIB\008 FMRM REPORTS-FY-2025-26\002. Pipe Division\PD Heads - FY -2025-26\Mr  Unnikrishnan Pillai - PD.xlsb","","OK","","67","",""
"2025-10-23 05:53:24","2025-10-23","05:00","Refresh","C:\Temp\ExcelAutomation\02 Data Update - 05.00 AM.xlsx","\\192.168.1.237\Accounts\SURESH_KAKEE_AUTOMATION PROJECTS\SOLAPUR (HO)\01. CA AND FINANCE\04. SACHIN HABIB\008 FMRM REPORTS-FY-2025-26\002. Pipe Division\PD Heads - FY -2025-26\Mr Prabhat Panda - BD.xlsb","","OK","","64","",""
"2025-10-23 05:54:26","2025-10-23","05:00","Refresh","C:\Temp\ExcelAutomation\02 Data Update - 05.00 AM.xlsx","\\192.168.1.237\Accounts\SURESH_KAKEE_AUTOMATION PROJECTS\SOLAPUR (HO)\01. CA AND FINANCE\04. SACHIN HABIB\008 FMRM REPORTS-FY-2025-26\002. Pipe Division\PD Heads - FY -2025-26\Mr Prabhat Panda - PD.xlsb","","OK","","60","",""
"2025-10-23 05:54:29","2025-10-23","05:00","Refresh","C:\Temp\ExcelAutomation\02 Data Update - 05.00 AM.xlsx","\\192.168.1.237\Accounts\SURESH_KAKEE_AUTOMATION PROJECTS\SOLAPUR (HO)\01. CA AND FINANCE\04. SACHIN HABIB\008 FMRM REPORTS-FY-2025-26\002. Pipe Division\PD Heads - FY -2025-26\Mr Rahul Chitnis Report - BD.xlsb","","OK","","61","",""
"2025-10-23 05:54:29","2025-10-23","05:00","Refresh","C:\Temp\ExcelAutomation\02 Data Update - 05.00 AM.xlsx","\\192.168.1.237\Accounts\SURESH_KAKEE_AUTOMATION PROJECTS\SOLAPUR (HO)\01. CA AND FINANCE\04. SACHIN HABIB\008 FMRM REPORTS-FY-2025-26\002. Pipe Division\PD Heads - FY -2025-26\Mr Rahul Chitnis Report - PD - MH.xlsb","","OK","","61","",""
"2025-10-23 05:56:57","2025-10-23","05:00","Refresh","C:\Temp\ExcelAutomation\02 Data Update - 05.00 AM.xlsx","\\192.168.1.237\Accounts\SURESH_KAKEE_AUTOMATION PROJECTS\SOLAPUR (HO)\01. CA AND FINANCE\04. SACHIN HABIB\008 FMRM REPORTS-FY-2025-26\002. Pipe Division\FY - 2025-26\1 Revenue, Collection & Outstanding Report - PD.xlsb","","OK","","146","",""
"2025-10-23 05:57:00","2025-10-23","05:00","Refresh","C:\Temp\ExcelAutomation\02 Data Update - 05.00 AM.xlsx","\\192.168.1.237\Accounts\SURESH_KAKEE_AUTOMATION PROJECTS\SOLAPUR (HO)\01. CA AND FINANCE\04. SACHIN HABIB\008 FMRM REPORTS-FY-2025-26\002. Pipe Division\FY - 2025-26\6 On-Time In-Full OTIF - PD.xlsb","","OK","","150","",""
"2025-10-23 05:57:00","2025-10-23","05:00","Refresh","C:\Temp\ExcelAutomation\02 Data Update - 05.00 AM.xlsx","\\192.168.1.237\Accounts\SURESH_KAKEE_AUTOMATION PROJECTS\SOLAPUR (HO)\01. CA AND FINANCE\04. SACHIN HABIB\008 FMRM REPORTS-FY-2025-26\003. Building Division\FY - 2025-26\6 On-Time In-Full OTIF - BD.xlsb","","OK","","147","",""
"2025-10-23 05:58:27","2025-10-23","05:00","Refresh","C:\Temp\ExcelAutomation\02 Data Update - 05.00 AM.xlsx","\\192.168.1.237\Accounts\SURESH_KAKEE_AUTOMATION PROJECTS\SOLAPUR (HO)\01. CA AND FINANCE\04. SACHIN HABIB\008 FMRM REPORTS-FY-2025-26\003. Building Division\FY - 2025-26\1 Revenue, Collection & Outstanding Report - BD.xlsb","","OK","","87","",""
"2025-10-23 05:58:28","2025-10-23","05:00","Refresh","C:\Temp\ExcelAutomation\02 Data Update - 05.00 AM.xlsx","\\192.168.1.237\Accounts\SURESH_KAKEE_AUTOMATION PROJECTS\SOLAPUR (HO)\01. CA AND FINANCE\04. SACHIN HABIB\008 FMRM REPORTS-FY-2025-26\004. OEM (C)\FY - 2025-26\1 Revenue, Collection & Outstanding Report - OEM C.xlsb","","OK","","84","",""
"2025-10-23 05:58:29","2025-10-23","05:00","Refresh","C:\Temp\ExcelAutomation\02 Data Update - 05.00 AM.xlsx","\\192.168.1.237\Accounts\SURESH_KAKEE_AUTOMATION PROJECTS\SOLAPUR (HO)\01. CA AND FINANCE\04. SACHIN HABIB\008 FMRM REPORTS-FY-2025-26\004. OEM (C)\FY - 2025-26\6 On-Time In-Full OTIF - OEM_C.xlsb","","OK","","86","",""
"2025-10-23 06:00:23","2025-10-23","05:00","Refresh","C:\Temp\ExcelAutomation\02 Data Update - 05.00 AM.xlsx","\\192.168.1.237\Accounts\SURESH_KAKEE_AUTOMATION PROJECTS\SOLAPUR (HO)\01. CA AND FINANCE\04. SACHIN HABIB\008 FMRM REPORTS-FY-2025-26\005. OEM (P)\FY - 2025-26\1 Revenue, Collection & Outstanding Report - OEM P.xlsb","","OK","","112","",""
"2025-10-23 06:00:24","2025-10-23","05:00","Refresh","C:\Temp\ExcelAutomation\02 Data Update - 05.00 AM.xlsx","\\192.168.1.237\Accounts\SURESH_KAKEE_AUTOMATION PROJECTS\SOLAPUR (HO)\01. CA AND FINANCE\04. SACHIN HABIB\008 FMRM REPORTS-FY-2025-26\005. OEM (P)\FY - 2025-26\6 On-Time In-Full OTIF - OEM_P.xlsb","","OK","","114","",""
"2025-10-23 06:00:24","2025-10-23","05:00","Refresh","C:\Temp\ExcelAutomation\02 Data Update - 05.00 AM.xlsx","\\192.168.1.237\Accounts\SURESH_KAKEE_AUTOMATION PROJECTS\SOLAPUR (HO)\01. CA AND FINANCE\04. SACHIN HABIB\008 FMRM REPORTS-FY-2025-26\006. Project\FY - 2025-26\6 On-Time In-Full OTIF - Project.xlsb","","OK","","112","",""
"2025-10-23 06:02:04","2025-10-23","05:00","Refresh","C:\Temp\ExcelAutomation\02 Data Update - 05.00 AM.xlsx","\\192.168.1.237\Accounts\SURESH_KAKEE_AUTOMATION PROJECTS\SOLAPUR (HO)\01. CA AND FINANCE\04. SACHIN HABIB\008 FMRM REPORTS-FY-2025-26\006. Project\FY - 2025-26\1 Revenue, Collection & Outstanding Report - Project.xlsb","","OK","","99","",""
"2025-10-23 06:02:04","2025-10-23","05:00","Refresh","C:\Temp\ExcelAutomation\02 Data Update - 05.00 AM.xlsx","\\192.168.1.237\Accounts\SURESH_KAKEE_AUTOMATION PROJECTS\SOLAPUR (HO)\01. CA AND FINANCE\04. SACHIN HABIB\008 FMRM REPORTS-FY-2025-26\007. Raw Material\FY - 2025-26\1 Revenue, Collection & Outstanding Report - RM.xlsb","","OK","","97","",""
"2025-10-23 06:02:05","2025-10-23","05:00","Refresh","C:\Temp\ExcelAutomation\02 Data Update - 05.00 AM.xlsx","\\192.168.1.237\Accounts\SURESH_KAKEE_AUTOMATION PROJECTS\SOLAPUR (HO)\01. CA AND FINANCE\04. SACHIN HABIB\008 FMRM REPORTS-FY-2025-26\007. Raw Material\FY - 2025-26\6 On-Time In-Full OTIF - RM.xlsb","","OK","","99","",""
"2025-10-23 06:03:42","2025-10-23","05:00","Refresh","C:\Temp\ExcelAutomation\02 Data Update - 05.00 AM.xlsx","\\192.168.1.237\Accounts\SURESH_KAKEE_AUTOMATION PROJECTS\SOLAPUR (HO)\01. CA AND FINANCE\04. SACHIN HABIB\008 FMRM REPORTS-FY-2025-26\008. Prod Vs Ele & R & M Analysis\5 Production Vs Electricity & Repairs and Maintance Expenses Report.xlsb","","OK","","94","",""
"2025-10-23 06:03:42","2025-10-23","05:00","Refresh","C:\Temp\ExcelAutomation\02 Data Update - 05.00 AM.xlsx","\\192.168.1.237\Accounts\SURESH_KAKEE_AUTOMATION PROJECTS\SOLAPUR (HO)\01. CA AND FINANCE\04. SACHIN HABIB\008 FMRM REPORTS-FY-2025-26\008. Prod Vs Ele & R & M Analysis\5 Production Vs Electricity & Repairs and Maintance Expenses Report - GJ.xlsb","","OK","","96","",""
"2025-10-23 06:03:42","2025-10-23","05:00","Refresh","C:\Temp\ExcelAutomation\02 Data Update - 05.00 AM.xlsx","\\192.168.1.237\Accounts\SURESH_KAKEE_AUTOMATION PROJECTS\SOLAPUR (HO)\01. CA AND FINANCE\04. SACHIN HABIB\008 FMRM REPORTS-FY-2025-26\008. Prod Vs Ele & R & M Analysis\5 Production Vs Electricity & Repairs and Maintance Expenses Report - UN.xlsb","","OK","","94","",""
"2025-10-23 06:04:26","2025-10-23","05:00","Refresh","C:\Temp\ExcelAutomation\02 Data Update - 05.00 AM.xlsx","\\192.168.1.237\Accounts\SURESH_KAKEE_AUTOMATION PROJECTS\SOLAPUR (HO)\01. CA AND FINANCE\04. SACHIN HABIB\008 FMRM REPORTS-FY-2025-26\010. Transportation Cost Analysis\6.2 Transportation Cost Analysis-2025-26.xlsb","","OK","","41","",""
"2025-10-23 06:04:27","2025-10-23","05:00","Refresh","C:\Temp\ExcelAutomation\02 Data Update - 05.00 AM.xlsx","\\192.168.1.237\Accounts\SURESH_KAKEE_AUTOMATION PROJECTS\SOLAPUR (HO)\01. CA AND FINANCE\04. SACHIN HABIB\008 FMRM REPORTS-FY-2025-26\010. Transportation Cost Analysis\6.2 Transportation Cost Analysis-2024-25.xlsb","","OK","","40","",""
"2025-10-23 06:04:29","2025-10-23","05:00","Refresh","C:\Temp\ExcelAutomation\02 Data Update - 05.00 AM.xlsx","\\192.168.1.237\Accounts\SURESH_KAKEE_AUTOMATION PROJECTS\SOLAPUR (HO)\01. CA AND FINANCE\04. SACHIN HABIB\008 FMRM REPORTS-FY-2025-26\008. Prod Vs Ele & R & M Analysis\5 Production Vs Electricity & Repairs and Maintance Expenses Report - MHL.xlsb","","OK","","43","",""
"2025-10-23 06:04:55","2025-10-23","05:00","Refresh","C:\Temp\ExcelAutomation\02 Data Update - 05.00 AM.xlsx","\\192.168.1.237\Accounts\SURESH_KAKEE_AUTOMATION PROJECTS\SOLAPUR (HO)\01. CA AND FINANCE\04. SACHIN HABIB\008 FMRM REPORTS-FY-2025-26\012. PPC - Stock Ageing\3 Stock Ageing - Udyamnagar.xlsb","","OK","","23","",""
"2025-10-23 06:04:56","2025-10-23","05:00","Refresh","C:\Temp\ExcelAutomation\02 Data Update - 05.00 AM.xlsx","\\192.168.1.237\Accounts\SURESH_KAKEE_AUTOMATION PROJECTS\SOLAPUR (HO)\01. CA AND FINANCE\04. SACHIN HABIB\008 FMRM REPORTS-FY-2025-26\011. Warehouse Cost Analysis\6.3 Warehouse Cost Analysis-2025-26.xlsb","","OK","","27","",""
"2025-10-23 06:05:22","2025-10-23","05:00","Refresh","C:\Temp\ExcelAutomation\02 Data Update - 05.00 AM.xlsx","\\192.168.1.237\Accounts\SURESH_KAKEE_AUTOMATION PROJECTS\SOLAPUR (HO)\01. CA AND FINANCE\04. SACHIN HABIB\008 FMRM REPORTS-FY-2025-26\012. PPC - Stock Ageing\3 PPC - Stock Ageing Report - 2025-26.xlsb","","OK","","25","",""
"2025-10-23 06:05:22","2025-10-23","05:00","Refresh","C:\Temp\ExcelAutomation\02 Data Update - 05.00 AM.xlsx","\\192.168.1.237\Accounts\SURESH_KAKEE_AUTOMATION PROJECTS\SOLAPUR (HO)\01. CA AND FINANCE\04. SACHIN HABIB\008 FMRM REPORTS-FY-2025-26\012. PPC - Stock Ageing\3 Stock Ageing - Gujarat.xlsb","","OK","","24","",""
"2025-10-23 06:05:25","2025-10-23","05:00","Refresh","C:\Temp\ExcelAutomation\02 Data Update - 05.00 AM.xlsx","\\192.168.1.237\Accounts\SURESH_KAKEE_AUTOMATION PROJECTS\SOLAPUR (HO)\01. CA AND FINANCE\04. SACHIN HABIB\008 FMRM REPORTS-FY-2025-26\011. Warehouse Cost Analysis\6.3 Warehouse Cost Analysis-2024-25.xlsb","","OK","","56","",""
"2025-10-23 06:05:45","2025-10-23","05:00","Refresh","C:\Temp\ExcelAutomation\02 Data Update - 05.00 AM.xlsx","\\192.168.1.237\Accounts\SURESH_KAKEE_AUTOMATION PROJECTS\SOLAPUR (HO)\01. CA AND FINANCE\04. SACHIN HABIB\008 FMRM REPORTS-FY-2025-26\012. PPC - Stock Ageing\3 Stock Ageing - Mr Mahesh Konnur.xlsb","","OK","","21","",""
"2025-10-23 06:05:47","2025-10-23","05:00","Refresh","C:\Temp\ExcelAutomation\02 Data Update - 05.00 AM.xlsx","\\192.168.1.237\Accounts\SURESH_KAKEE_AUTOMATION PROJECTS\SOLAPUR (HO)\02. ACCOUNTS\01. SURAJ BABLE\Report - 2025-26\Collection Report - 2025-26.xlsb","","OK","","20","",""
"2025-10-23 06:05:48","2025-10-23","05:00","Refresh","C:\Temp\ExcelAutomation\02 Data Update - 05.00 AM.xlsx","\\192.168.1.237\Accounts\SURESH_KAKEE_AUTOMATION PROJECTS\SOLAPUR (HO)\01. CA AND FINANCE\04. SACHIN HABIB\008 FMRM REPORTS-FY-2025-26\012. PPC - Stock Ageing\3 Stock Ageing - Mr Snehal D Vhasale.xlsb","","OK","","23","",""
"2025-10-23 06:06:16","2025-10-23","05:00","Refresh","C:\Temp\ExcelAutomation\02 Data Update - 05.00 AM.xlsx","\\192.168.1.237\Accounts\SURESH_KAKEE_AUTOMATION PROJECTS\SOLAPUR (HO)\02. ACCOUNTS\01. SURAJ BABLE\Report - 2025-26\Outstanding_Dashboard_New.xlsb","","OK","","26","",""
"2025-10-23 06:06:34","2025-10-23","05:00","Refresh","C:\Temp\ExcelAutomation\02 Data Update - 05.00 AM.xlsx","\\192.168.1.237\Accounts\SURESH_KAKEE_AUTOMATION PROJECTS\SOLAPUR (HO)\02. ACCOUNTS\01. SURAJ BABLE\Report - 2025-26\ORC Data_2025-26.xlsb","","OK","","46","",""
"2025-10-23 06:06:41","2025-10-23","05:00","Refresh","C:\Temp\ExcelAutomation\02 Data Update - 05.00 AM.xlsx","\\192.168.1.237\Accounts\SURESH_KAKEE_AUTOMATION PROJECTS\SOLAPUR (HO)\02. ACCOUNTS\01. SURAJ BABLE\Report - 2025-26\Stock Ageing Report.xlsb","","OK","","22","",""
"2025-10-23 06:07:03","2025-10-23","05:00","Refresh","C:\Temp\ExcelAutomation\02 Data Update - 05.00 AM.xlsx","\\192.168.1.237\Accounts\SURESH_KAKEE_AUTOMATION PROJECTS\SOLAPUR (HO)\02. ACCOUNTS\02. SUJIT KAMBLE\Report - 2025-26\GRN To IN- 2025-26.xlsx","","OK","","17","",""
"2025-10-23 06:07:11","2025-10-23","05:00","Refresh","C:\Temp\ExcelAutomation\02 Data Update - 05.00 AM.xlsx","\\192.168.1.237\Accounts\SURESH_KAKEE_AUTOMATION PROJECTS\SOLAPUR (HO)\02. ACCOUNTS\01. SURAJ BABLE\Report - 2025-26\Sales Register_2025-26.xlsb","","OK","","80","",""
"2025-10-23 06:07:13","2025-10-23","05:00","Refresh","C:\Temp\ExcelAutomation\02 Data Update - 05.00 AM.xlsx","\\192.168.1.237\Accounts\SURESH_KAKEE_AUTOMATION PROJECTS\SOLAPUR (HO)\02. ACCOUNTS\01. SURAJ BABLE\Production Receipt Report\03. Udyamnagar_(UN) Production Report .xlsb","","OK","","37","",""
"2025-10-23 06:07:27","2025-10-23","05:00","Refresh","C:\Temp\ExcelAutomation\02 Data Update - 05.00 AM.xlsx","\\192.168.1.237\Accounts\SURESH_KAKEE_AUTOMATION PROJECTS\SOLAPUR (HO)\02. ACCOUNTS\02. SUJIT KAMBLE\Report - 2025-26\Multiple BP Code Report - 2025-26.xlsb","","OK","","21","",""
"2025-10-23 06:07:30","2025-10-23","05:00","Refresh","C:\Temp\ExcelAutomation\02 Data Update - 05.00 AM.xlsx","\\192.168.1.237\Accounts\SURESH_KAKEE_AUTOMATION PROJECTS\SOLAPUR (HO)\02. ACCOUNTS\02. SUJIT KAMBLE\Report - 2025-26\Outstanding_Dashboard_MSME.xlsb","","OK","","16","",""
"2025-10-23 06:07:30","2025-10-23","05:00","Refresh","C:\Temp\ExcelAutomation\02 Data Update - 05.00 AM.xlsx","\\192.168.1.237\Accounts\SURESH_KAKEE_AUTOMATION PROJECTS\SOLAPUR (HO)\02. ACCOUNTS\02. SUJIT KAMBLE\Report - 2025-26\Raw Material_Last Purchase Price.xlsb","","OK","","13","",""
"2025-10-23 06:07:47","2025-10-23","05:00","Refresh","C:\Temp\ExcelAutomation\02 Data Update - 05.00 AM.xlsx","\\192.168.1.237\Accounts\SURESH_KAKEE_AUTOMATION PROJECTS\SOLAPUR (HO)\02. ACCOUNTS\02. SUJIT KAMBLE\Report - 2025-26\RM_SALE DIVISION LEVEL-2025-26.xlsb","","OK","","18","",""
"2025-10-23 06:07:47","2025-10-23","05:00","Refresh","C:\Temp\ExcelAutomation\02 Data Update - 05.00 AM.xlsx","\\192.168.1.237\Accounts\SURESH_KAKEE_AUTOMATION PROJECTS\SOLAPUR (HO)\02. ACCOUNTS\06. CHANDRAKANT PUTTA\Report - 2025-26\Chandu_Account Balance_Party Code-KV03224.xlsb","","OK","","15","",""
"2025-10-23 06:08:13","2025-10-23","05:00","Refresh","C:\Temp\ExcelAutomation\02 Data Update - 05.00 AM.xlsx","\\192.168.1.237\Accounts\SURESH_KAKEE_AUTOMATION PROJECTS\SOLAPUR (HO)\02. ACCOUNTS\06. CHANDRAKANT PUTTA\Report - 2025-26\Purchase Register_Doc Level-2025-26.xlsb","","OK","","23","",""
"2025-10-23 06:08:29","2025-10-23","05:00","Refresh","C:\Temp\ExcelAutomation\02 Data Update - 05.00 AM.xlsx","\\192.168.1.237\Accounts\SURESH_KAKEE_AUTOMATION PROJECTS\SOLAPUR (HO)\02. ACCOUNTS\06. CHANDRAKANT PUTTA\Report - 2025-26\Party Details - Cap Purchase - 2025-26.xlsx","","OK","","39","",""
"2025-10-23 06:08:43","2025-10-23","05:00","Refresh","C:\Temp\ExcelAutomation\02 Data Update - 05.00 AM.xlsx","\\192.168.1.237\Accounts\SURESH_KAKEE_AUTOMATION PROJECTS\SOLAPUR (HO)\02. ACCOUNTS\06. CHANDRAKANT PUTTA\Report - 2025-26\Item Master_Data.xlsb","","OK","","70","",""
"2025-10-23 06:08:55","2025-10-23","05:00","Refresh","C:\Temp\ExcelAutomation\02 Data Update - 05.00 AM.xlsx","\\192.168.1.237\Accounts\SURESH_KAKEE_AUTOMATION PROJECTS\SOLAPUR (HO)\02. ACCOUNTS\06. CHANDRAKANT PUTTA\Report - 2025-26\Purchase Register_Doc_Level_With_Tax - 2025-26.xlsb","","OK","","35","",""
"2025-10-23 06:15:00","2025-10-23","05:00","Refresh","C:\Temp\ExcelAutomation\02 Data Update - 05.00 AM.xlsx","\\192.168.1.237\Accounts\SURESH_KAKEE_AUTOMATION PROJECTS\SOLAPUR (HO)\02. ACCOUNTS\08. VINAY GUNDELI\Report - 2025-26\GST Reco - 2025-26\AP.xlsx","","OK","","388","",""
"2025-10-23 06:15:02","2025-10-23","05:00","Refresh","C:\Temp\ExcelAutomation\02 Data Update - 05.00 AM.xlsx","\\192.168.1.237\Accounts\SURESH_KAKEE_AUTOMATION PROJECTS\SOLAPUR (HO)\02. ACCOUNTS\08. VINAY GUNDELI\Report - 2025-26\GST Reco - 2025-26\CG.xlsx","","OK","","368","",""
"2025-10-23 06:15:03","2025-10-23","05:00","Refresh","C:\Temp\ExcelAutomation\02 Data Update - 05.00 AM.xlsx","\\192.168.1.237\Accounts\SURESH_KAKEE_AUTOMATION PROJECTS\SOLAPUR (HO)\02. ACCOUNTS\08. VINAY GUNDELI\Report - 2025-26\GST Reco - 2025-26\GJ.xlsx","","OK","","365","",""
"2025-10-23 06:21:20","2025-10-23","05:00","Refresh","C:\Temp\ExcelAutomation\02 Data Update - 05.00 AM.xlsx","\\192.168.1.237\Accounts\SURESH_KAKEE_AUTOMATION PROJECTS\SOLAPUR (HO)\02. ACCOUNTS\08. VINAY GUNDELI\Report - 2025-26\GST Reco - 2025-26\KA.xlsx","","OK","","374","",""
"2025-10-23 06:21:23","2025-10-23","05:00","Refresh","C:\Temp\ExcelAutomation\02 Data Update - 05.00 AM.xlsx","\\192.168.1.237\Accounts\SURESH_KAKEE_AUTOMATION PROJECTS\SOLAPUR (HO)\02. ACCOUNTS\08. VINAY GUNDELI\Report - 2025-26\GST Reco - 2025-26\HP.xlsx","","OK","","378","",""
"2025-10-23 06:21:25","2025-10-23","05:00","Refresh","C:\Temp\ExcelAutomation\02 Data Update - 05.00 AM.xlsx","\\192.168.1.237\Accounts\SURESH_KAKEE_AUTOMATION PROJECTS\SOLAPUR (HO)\02. ACCOUNTS\08. VINAY GUNDELI\Report - 2025-26\GST Reco - 2025-26\MH.xlsx","","OK","","379","",""
"2025-10-23 06:27:28","2025-10-23","05:00","Refresh","C:\Temp\ExcelAutomation\02 Data Update - 05.00 AM.xlsx","\\192.168.1.237\Accounts\SURESH_KAKEE_AUTOMATION PROJECTS\SOLAPUR (HO)\02. ACCOUNTS\08. VINAY GUNDELI\Report - 2025-26\GST Reco - 2025-26\TN.xlsx","","OK","","359","",""
"2025-10-23 06:27:28","2025-10-23","05:00","Refresh","C:\Temp\ExcelAutomation\02 Data Update - 05.00 AM.xlsx","\\192.168.1.237\Accounts\SURESH_KAKEE_AUTOMATION PROJECTS\SOLAPUR (HO)\02. ACCOUNTS\08. VINAY GUNDELI\Report - 2025-26\GST Reco - 2025-26\MP.xlsx","","OK","","366","",""
"2025-10-23 06:27:29","2025-10-23","05:00","Refresh","C:\Temp\ExcelAutomation\02 Data Update - 05.00 AM.xlsx","\\192.168.1.237\Accounts\SURESH_KAKEE_AUTOMATION PROJECTS\SOLAPUR (HO)\02. ACCOUNTS\08. VINAY GUNDELI\Report - 2025-26\GST Reco - 2025-26\RJ.xlsx","","OK","","363","",""
"2025-10-23 06:27:54","2025-10-23","05:00","Refresh","C:\Temp\ExcelAutomation\02 Data Update - 05.00 AM.xlsx","\\192.168.1.237\Accounts\SURESH_KAKEE_AUTOMATION PROJECTS\SOLAPUR (HO)\02. ACCOUNTS\08. VINAY GUNDELI\Report - 2025-26\Other Income - 2025-26\Other Income-2025-26.xlsb","","OK","","21","",""
"2025-10-23 06:31:50","2025-10-23","05:00","Refresh","C:\Temp\ExcelAutomation\02 Data Update - 05.00 AM.xlsx","\\192.168.1.237\Accounts\SURESH_KAKEE_AUTOMATION PROJECTS\SOLAPUR (HO)\02. ACCOUNTS\08. VINAY GUNDELI\Report - 2025-26\GST Reco - 2025-26\TS.xlsx","","OK","","259","",""
"2025-10-23 06:31:50","2025-10-23","05:00","Refresh","C:\Temp\ExcelAutomation\02 Data Update - 05.00 AM.xlsx","\\192.168.1.237\Accounts\SURESH_KAKEE_AUTOMATION PROJECTS\SOLAPUR (HO)\02. ACCOUNTS\08. VINAY GUNDELI\Report - 2025-26\GST Reco - 2025-26\UP.xlsx","","OK","","258","",""
"2025-10-23 06:31:50","2025-10-23","05:00","Refresh","C:\Temp\ExcelAutomation\02 Data Update - 05.00 AM.xlsx","\\192.168.1.237\Accounts\SURESH_KAKEE_AUTOMATION PROJECTS\SOLAPUR (HO)\02. ACCOUNTS\12. PRAVIN GOSAKI\Report - 2025-26\AR Invoice & AP Invoice Report.xlsb","","OK","","230","",""
"2025-10-23 06:32:22","2025-10-23","05:00","Refresh","C:\Temp\ExcelAutomation\02 Data Update - 05.00 AM.xlsx","\\192.168.1.237\Accounts\SURESH_KAKEE_AUTOMATION PROJECTS\SOLAPUR (HO)\02. ACCOUNTS\12. PRAVIN GOSAKI\Report - 2025-26\Price list.xlsb","","OK","","29","",""
"2025-10-23 06:32:28","2025-10-23","05:00","Refresh","C:\Temp\ExcelAutomation\02 Data Update - 05.00 AM.xlsx","\\192.168.1.237\Accounts\SURESH_KAKEE_AUTOMATION PROJECTS\SOLAPUR (HO)\02. ACCOUNTS\18. LAXMIKANT PULGAM\Reports - 2025-26\1 Revenue, Collection & Outstanding Report - Project.xlsb","","OK","","33","",""
"2025-10-23 06:33:50","2025-10-23","05:00","Refresh","C:\Temp\ExcelAutomation\02 Data Update - 05.00 AM.xlsx","\\192.168.1.237\Accounts\SURESH_KAKEE_AUTOMATION PROJECTS\SOLAPUR (HO)\02. ACCOUNTS\16. RAHUL DORNAL\Item Master_Data.xlsb","","OK","","116","",""
"2025-10-23 06:33:51","2025-10-23","05:00","Refresh","C:\Temp\ExcelAutomation\02 Data Update - 05.00 AM.xlsx","\\192.168.1.237\Accounts\SURESH_KAKEE_AUTOMATION PROJECTS\SOLAPUR (HO)\02. ACCOUNTS\18. LAXMIKANT PULGAM\Reports - 2025-26\6 On-Time In-Full OTIF - Project.xlsb","","OK","","85","",""
"2025-10-23 06:34:21","2025-10-23","05:00","Refresh","C:\Temp\ExcelAutomation\02 Data Update - 05.00 AM.xlsx","\\192.168.1.237\Accounts\SURESH_KAKEE_AUTOMATION PROJECTS\SOLAPUR (HO)\02. ACCOUNTS\20 KIRAN BACHHU\Due Report_New.xlsb","","OK","","28","",""
"2025-10-23 06:34:23","2025-10-23","05:00","Refresh","C:\Temp\ExcelAutomation\02 Data Update - 05.00 AM.xlsx","\\192.168.1.237\Accounts\SURESH_KAKEE_AUTOMATION PROJECTS\SOLAPUR (HO)\02. ACCOUNTS\20 KIRAN BACHHU\Due Report_New_All.xlsb","","OK","","29","",""
"2025-10-23 06:34:40","2025-10-23","05:00","Refresh","C:\Temp\ExcelAutomation\02 Data Update - 05.00 AM.xlsx","\\192.168.1.237\Accounts\SURESH_KAKEE_AUTOMATION PROJECTS\SOLAPUR (HO)\02. ACCOUNTS\18. LAXMIKANT PULGAM\Reports - 2025-26\Project Sales Dashboard Report.xlsb","","OK","","130","",""
"2025-10-23 06:34:41","2025-10-23","05:00","Refresh","C:\Temp\ExcelAutomation\02 Data Update - 05.00 AM.xlsx","\\192.168.1.237\Accounts\SURESH_KAKEE_AUTOMATION PROJECTS\SOLAPUR (HO)\02. ACCOUNTS\20 KIRAN BACHHU\Outstanding_Dashboard_MSME.xlsb","","OK","","17","",""
"2025-10-23 06:35:05","2025-10-23","05:00","Refresh","C:\Temp\ExcelAutomation\02 Data Update - 05.00 AM.xlsx","\\192.168.1.237\Accounts\SURESH_KAKEE_AUTOMATION PROJECTS\SOLAPUR (HO)\02. ACCOUNTS\23. BALAJI POBATTI\CURRENT YEAR REPORTS - 2025-26\Collection Report - 2025-26.xlsb","","OK","","21","",""
"2025-10-23 06:35:34","2025-10-23","05:00","Refresh","C:\Temp\ExcelAutomation\02 Data Update - 05.00 AM.xlsx","\\192.168.1.237\Accounts\SURESH_KAKEE_AUTOMATION PROJECTS\SOLAPUR (HO)\02. ACCOUNTS\23. BALAJI POBATTI\CURRENT YEAR REPORTS - 2025-26\ORC Data_2025-26.xlsb","","OK","","49","",""
"2025-10-23 06:35:34","2025-10-23","05:00","Refresh","C:\Temp\ExcelAutomation\02 Data Update - 05.00 AM.xlsx","\\192.168.1.237\Accounts\SURESH_KAKEE_AUTOMATION PROJECTS\SOLAPUR (HO)\02. ACCOUNTS\23. BALAJI POBATTI\CURRENT YEAR REPORTS - 2025-26\Outstanding_Dashboard_New.xlsb","","OK","","25","",""
"2025-10-23 06:35:55","2025-10-23","05:00","Refresh","C:\Temp\ExcelAutomation\02 Data Update - 05.00 AM.xlsx","\\192.168.1.237\Accounts\SURESH_KAKEE_AUTOMATION PROJECTS\SOLAPUR (HO)\03. BANKING\01. RECEIPT - (ABHISHEK PAWAR)\Report - 2025-26\BP Master Data-2025-26.xlsb","","OK","","18","",""
"2025-10-23 06:35:58","2025-10-23","05:00","Refresh","C:\Temp\ExcelAutomation\02 Data Update - 05.00 AM.xlsx","\\192.168.1.237\Accounts\SURESH_KAKEE_AUTOMATION PROJECTS\SOLAPUR (HO)\03. BANKING\01. RECEIPT - (ABHISHEK PAWAR)\Report - 2025-26\Collection Report-2025-26.xlsb","","OK","","22","",""
"2025-10-23 06:36:16","2025-10-23","05:00","Refresh","C:\Temp\ExcelAutomation\02 Data Update - 05.00 AM.xlsx","\\192.168.1.237\Accounts\SURESH_KAKEE_AUTOMATION PROJECTS\SOLAPUR (HO)\03. BANKING\01. RECEIPT - (ABHISHEK PAWAR)\Report - 2025-26\FD with Banks_EMD_SD for Tenders_Details-2025-26.xlsb","","OK","","15","",""
"2025-10-23 06:36:16","2025-10-23","05:00","Refresh","C:\Temp\ExcelAutomation\02 Data Update - 05.00 AM.xlsx","\\192.168.1.237\Accounts\SURESH_KAKEE_AUTOMATION PROJECTS\SOLAPUR (HO)\03. BANKING\01. RECEIPT - (ABHISHEK PAWAR)\Report - 2025-26\Doc Level Ageing Report-2025-26.xlsb","","OK","","19","",""
"2025-10-23 06:36:23","2025-10-23","05:00","Refresh","C:\Temp\ExcelAutomation\02 Data Update - 05.00 AM.xlsx","\\192.168.1.237\Accounts\SURESH_KAKEE_AUTOMATION PROJECTS\SOLAPUR (HO)\02. ACCOUNTS\21. AKASH SURWASE\Project Sales Dashboard Report.xlsb","","OK","","116","",""
"2025-10-23 06:36:31","2025-10-23","05:00","Refresh","C:\Temp\ExcelAutomation\02 Data Update - 05.00 AM.xlsx","\\192.168.1.237\Accounts\SURESH_KAKEE_AUTOMATION PROJECTS\SOLAPUR (HO)\03. BANKING\01. RECEIPT - (ABHISHEK PAWAR)\Report - 2025-26\Payment Report-2025-26.xlsb","","OK","","11","",""
"2025-10-23 06:38:16","2025-10-23","05:00","Refresh","C:\Temp\ExcelAutomation\02 Data Update - 05.00 AM.xlsx","\\192.168.1.237\Accounts\SURESH_KAKEE_AUTOMATION PROJECTS\SOLAPUR (HO)\04. MARKETING\A. IRRIGATION DIVISION\01. SATISH BURA\Report - 2025-26\Collection Report - 2025-26.xlsb","","OK","","102","",""
"2025-10-23 06:38:18","2025-10-23","05:00","Refresh","C:\Temp\ExcelAutomation\02 Data Update - 05.00 AM.xlsx","\\192.168.1.237\Accounts\SURESH_KAKEE_AUTOMATION PROJECTS\SOLAPUR (HO)\03. BANKING\01. RECEIPT - (ABHISHEK PAWAR)\Report - 2025-26\SUSPENSE_CLEARANCE_REPORT-2025-26.xlsb","","OK","","105","",""
"2025-10-23 06:39:31","2025-10-23","05:00","Refresh","C:\Temp\ExcelAutomation\02 Data Update - 05.00 AM.xlsx","\\192.168.1.237\Accounts\SURESH_KAKEE_AUTOMATION PROJECTS\SOLAPUR (HO)\04. MARKETING\A. IRRIGATION DIVISION\01. SATISH BURA\Report - 2025-26\Doc Level Ageing Report.xlsb","","OK","","45","",""
"2025-10-23 06:39:34","2025-10-23","05:00","Refresh","C:\Temp\ExcelAutomation\02 Data Update - 05.00 AM.xlsx","\\192.168.1.237\Accounts\SURESH_KAKEE_AUTOMATION PROJECTS\SOLAPUR (HO)\04. MARKETING\A. IRRIGATION DIVISION\01. SATISH BURA\Report - 2025-26\Outstanding_Dashboard_New.xlsb","","OK","","46","",""
"2025-10-23 06:39:51","2025-10-23","05:00","Refresh","C:\Temp\ExcelAutomation\02 Data Update - 05.00 AM.xlsx","\\192.168.1.237\Accounts\SURESH_KAKEE_AUTOMATION PROJECTS\SOLAPUR (HO)\04. MARKETING\A. IRRIGATION DIVISION\01. SATISH BURA\Report - 2025-26\Payment Report - 2025-26.xlsb","","OK","","18","",""
"2025-10-23 06:40:12","2025-10-23","05:00","Refresh","C:\Temp\ExcelAutomation\02 Data Update - 05.00 AM.xlsx","\\192.168.1.237\Accounts\SURESH_KAKEE_AUTOMATION PROJECTS\SOLAPUR (HO)\04. MARKETING\A. IRRIGATION DIVISION\01. SATISH BURA\Report - 2025-26\Price list - 2025-26_Irrigation Division.xlsb","","OK","","34","",""
"2025-10-23 06:40:13","2025-10-23","05:00","Refresh","C:\Temp\ExcelAutomation\02 Data Update - 05.00 AM.xlsx","\\192.168.1.237\Accounts\SURESH_KAKEE_AUTOMATION PROJECTS\SOLAPUR (HO)\04. MARKETING\A. IRRIGATION DIVISION\01. SATISH BURA\Report - 2025-26\Sales Register_2025-26 - Freight.xlsb","","OK","","18","",""
"2025-10-23 06:40:47","2025-10-23","05:00","Refresh","C:\Temp\ExcelAutomation\02 Data Update - 05.00 AM.xlsx","\\192.168.1.237\Accounts\SURESH_KAKEE_AUTOMATION PROJECTS\SOLAPUR (HO)\04. MARKETING\A. IRRIGATION DIVISION\03. SHASHIKANT JAVALGE\Report - 2025-26\Doc Level Ageing Report.xlsb","","OK","","31","",""
"2025-10-23 06:41:03","2025-10-23","05:00","Refresh","C:\Temp\ExcelAutomation\02 Data Update - 05.00 AM.xlsx","\\192.168.1.237\Accounts\SURESH_KAKEE_AUTOMATION PROJECTS\SOLAPUR (HO)\04. MARKETING\A. IRRIGATION DIVISION\03. SHASHIKANT JAVALGE\Report - 2025-26\Payment Report - 2025-26.xlsb","","OK","","13","",""
"2025-10-23 06:41:19","2025-10-23","05:00","Refresh","C:\Temp\ExcelAutomation\02 Data Update - 05.00 AM.xlsx","\\192.168.1.237\Accounts\SURESH_KAKEE_AUTOMATION PROJECTS\SOLAPUR (HO)\04. MARKETING\A. IRRIGATION DIVISION\04. GURUSIDAYYA SWAMI\Report - 2025-26\Payment Report - 2025-26.xlsb","","OK","","14","",""
"2025-10-23 06:41:29","2025-10-23","05:00","Refresh","C:\Temp\ExcelAutomation\02 Data Update - 05.00 AM.xlsx","\\192.168.1.237\Accounts\SURESH_KAKEE_AUTOMATION PROJECTS\SOLAPUR (HO)\04. MARKETING\A. IRRIGATION DIVISION\01. SATISH BURA\Report - 2025-26\Sales Register_2025-26.xlsb","","OK","","74","",""
"2025-10-23 06:41:32","2025-10-23","05:00","Refresh","C:\Temp\ExcelAutomation\02 Data Update - 05.00 AM.xlsx","\\192.168.1.237\Accounts\SURESH_KAKEE_AUTOMATION PROJECTS\SOLAPUR (HO)\03. BANKING\01. RECEIPT - (ABHISHEK PAWAR)\Report - 2025-26\Loan Balances Raport.xlsb","","OK","","314","",""
"2025-10-23 06:41:35","2025-10-23","05:00","Refresh","C:\Temp\ExcelAutomation\02 Data Update - 05.00 AM.xlsx","\\192.168.1.237\Accounts\SURESH_KAKEE_AUTOMATION PROJECTS\SOLAPUR (HO)\04. MARKETING\A. IRRIGATION DIVISION\09. VIJAY SWAMI\Report - 2025-26\Collection Report - 2025-26.xlsb","","OK","","14","",""
"2025-10-23 06:41:49","2025-10-23","05:00","Refresh","C:\Temp\ExcelAutomation\02 Data Update - 05.00 AM.xlsx","\\192.168.1.237\Accounts\SURESH_KAKEE_AUTOMATION PROJECTS\SOLAPUR (HO)\04. MARKETING\A. IRRIGATION DIVISION\09. VIJAY SWAMI\Report - 2025-26\Payment Report - 2025-26.xlsb","","OK","","14","",""
"2025-10-23 06:41:53","2025-10-23","05:00","Refresh","C:\Temp\ExcelAutomation\02 Data Update - 05.00 AM.xlsx","\\192.168.1.237\Accounts\SURESH_KAKEE_AUTOMATION PROJECTS\SOLAPUR (HO)\04. MARKETING\A. IRRIGATION DIVISION\10. GANGADHAR PARDHE\Item Master.xlsb","","OK","","15","",""
"2025-10-23 06:41:59","2025-10-23","05:00","Refresh","C:\Temp\ExcelAutomation\02 Data Update - 05.00 AM.xlsx","\\192.168.1.237\Accounts\SURESH_KAKEE_AUTOMATION PROJECTS\SOLAPUR (HO)\04. MARKETING\A. IRRIGATION DIVISION\09. VIJAY SWAMI\Report - 2025-26\Doc Level Ageing Report.xlsb","","OK","","28","",""
"2025-10-23 06:42:03","2025-10-23","05:00","Refresh","C:\Temp\ExcelAutomation\02 Data Update - 05.00 AM.xlsx","\\192.168.1.237\Accounts\SURESH_KAKEE_AUTOMATION PROJECTS\SOLAPUR (HO)\04. MARKETING\A. IRRIGATION DIVISION\10. GANGADHAR PARDHE\Sales Quantity Base Report - 2025-26.xlsb","","OK","","12","",""
"2025-10-23 06:42:20","2025-10-23","05:00","Refresh","C:\Temp\ExcelAutomation\02 Data Update - 05.00 AM.xlsx","\\192.168.1.237\Accounts\SURESH_KAKEE_AUTOMATION PROJECTS\SOLAPUR (HO)\04. MARKETING\A. IRRIGATION DIVISION\10. GANGADHAR PARDHE\Stock Transfer - Quantity Base Report - 2025-26.xlsb","","OK","","14","",""
"2025-10-23 06:42:24","2025-10-23","05:00","Refresh","C:\Temp\ExcelAutomation\02 Data Update - 05.00 AM.xlsx","\\192.168.1.237\Accounts\SURESH_KAKEE_AUTOMATION PROJECTS\SOLAPUR (HO)\04. MARKETING\A. IRRIGATION DIVISION\10. GANGADHAR PARDHE\Stock Ageing Report - 2025-26.xlsb","","OK","","22","",""
"2025-10-23 06:42:37","2025-10-23","05:00","Refresh","C:\Temp\ExcelAutomation\02 Data Update - 05.00 AM.xlsx","\\192.168.1.237\Accounts\SURESH_KAKEE_AUTOMATION PROJECTS\SOLAPUR (HO)\04. MARKETING\A. IRRIGATION DIVISION\11. MAHESH GAYDHANKAR\Payment Report - 2025-26.xlsb","","OK","","14","",""
"2025-10-23 06:42:41","2025-10-23","05:00","Refresh","C:\Temp\ExcelAutomation\02 Data Update - 05.00 AM.xlsx","\\192.168.1.237\Accounts\SURESH_KAKEE_AUTOMATION PROJECTS\SOLAPUR (HO)\04. MARKETING\A. IRRIGATION DIVISION\11. MAHESH GAYDHANKAR\Collection Report - 2025-26.xlsb","","OK","","14","",""
"2025-10-23 06:42:55","2025-10-23","05:00","Refresh","C:\Temp\ExcelAutomation\02 Data Update - 05.00 AM.xlsx","\\192.168.1.237\Accounts\SURESH_KAKEE_AUTOMATION PROJECTS\SOLAPUR (HO)\04. MARKETING\B. PIPE DIVISION\01. HARISH KAMBLE\Report - 2025-26\Collection Report - 2025-26.xlsb","","OK","","16","",""
"2025-10-23 06:42:57","2025-10-23","05:00","Refresh","C:\Temp\ExcelAutomation\02 Data Update - 05.00 AM.xlsx","\\192.168.1.237\Accounts\SURESH_KAKEE_AUTOMATION PROJECTS\SOLAPUR (HO)\04. MARKETING\B. PIPE DIVISION\01. HARISH KAMBLE\Report - 2025-26\Collection Report - 2025-26_Kosons.xlsb","","OK","","13","",""
"2025-10-23 06:43:01","2025-10-23","05:00","Refresh","C:\Temp\ExcelAutomation\02 Data Update - 05.00 AM.xlsx","\\192.168.1.237\Accounts\SURESH_KAKEE_AUTOMATION PROJECTS\SOLAPUR (HO)\04. MARKETING\A. IRRIGATION DIVISION\10. GANGADHAR PARDHE\Sales Register_2025-26.xlsb","","OK","","65","",""
"2025-10-23 06:43:04","2025-10-23","05:00","Refresh","C:\Temp\ExcelAutomation\02 Data Update - 05.00 AM.xlsx","\\192.168.1.237\Accounts\SURESH_KAKEE_AUTOMATION PROJECTS\SOLAPUR (HO)\04. MARKETING\B. PIPE DIVISION\01. HARISH KAMBLE\Report - 2025-26\Employee Mapping_report.xlsx","","OK","","7","",""
"2025-10-23 06:43:10","2025-10-23","05:00","Refresh","C:\Temp\ExcelAutomation\02 Data Update - 05.00 AM.xlsx","\\192.168.1.237\Accounts\SURESH_KAKEE_AUTOMATION PROJECTS\SOLAPUR (HO)\04. MARKETING\B. PIPE DIVISION\01. HARISH KAMBLE\Report - 2025-26\Employee Mapping_Report_24-07-2025.xlsb","","OK","","10","",""
"2025-10-23 06:43:25","2025-10-23","05:00","Refresh","C:\Temp\ExcelAutomation\02 Data Update - 05.00 AM.xlsx","\\192.168.1.237\Accounts\SURESH_KAKEE_AUTOMATION PROJECTS\SOLAPUR (HO)\04. MARKETING\B. PIPE DIVISION\01. HARISH KAMBLE\Report - 2025-26\Outstanding_Dashboard_New_Kosons.xlsb","","OK","","16","",""
"2025-10-23 06:43:31","2025-10-23","05:00","Refresh","C:\Temp\ExcelAutomation\02 Data Update - 05.00 AM.xlsx","\\192.168.1.237\Accounts\SURESH_KAKEE_AUTOMATION PROJECTS\SOLAPUR (HO)\04. MARKETING\B. PIPE DIVISION\01. HARISH KAMBLE\Report - 2025-26\Outstanding_Dashboard_New.xlsb","","OK","","25","",""
"2025-10-23 06:43:52","2025-10-23","05:00","Refresh","C:\Temp\ExcelAutomation\02 Data Update - 05.00 AM.xlsx","\\192.168.1.237\Accounts\SURESH_KAKEE_AUTOMATION PROJECTS\SOLAPUR (HO)\04. MARKETING\B. PIPE DIVISION\01. HARISH KAMBLE\Report - 2025-26\Sales Register_Kosons.xlsb","","OK","","19","",""
"2025-10-23 06:44:02","2025-10-23","05:00","Refresh","C:\Temp\ExcelAutomation\02 Data Update - 05.00 AM.xlsx","\\192.168.1.237\Accounts\SURESH_KAKEE_AUTOMATION PROJECTS\SOLAPUR (HO)\04. MARKETING\B. PIPE DIVISION\01. HARISH KAMBLE\Report - 2025-26\Sales Dashboard - 2025-26.xlsb","","OK","","50","",""
"2025-10-23 06:44:09","2025-10-23","05:00","Refresh","C:\Temp\ExcelAutomation\02 Data Update - 05.00 AM.xlsx","\\192.168.1.237\Accounts\SURESH_KAKEE_AUTOMATION PROJECTS\SOLAPUR (HO)\04. MARKETING\B. PIPE DIVISION\06. LAXMIKANT JOSHI\Report - 2025-26\Collection Report - 2025-26.xlsb","","OK","","14","",""
"2025-10-23 06:44:30","2025-10-23","05:00","Refresh","C:\Temp\ExcelAutomation\02 Data Update - 05.00 AM.xlsx","\\192.168.1.237\Accounts\SURESH_KAKEE_AUTOMATION PROJECTS\SOLAPUR (HO)\04. MARKETING\B. PIPE DIVISION\06. LAXMIKANT JOSHI\Report - 2025-26\Outstanding_Dashboard_New.xlsb","","OK","","25","",""
"2025-10-23 06:44:41","2025-10-23","05:00","Refresh","C:\Temp\ExcelAutomation\02 Data Update - 05.00 AM.xlsx","\\192.168.1.237\Accounts\SURESH_KAKEE_AUTOMATION PROJECTS\SOLAPUR (HO)\04. MARKETING\B. PIPE DIVISION\01. HARISH KAMBLE\Report - 2025-26\Sales Register_2025-26.xlsb","","OK","","72","",""
"2025-10-23 06:44:57","2025-10-23","05:00","Refresh","C:\Temp\ExcelAutomation\02 Data Update - 05.00 AM.xlsx","\\192.168.1.237\Accounts\SURESH_KAKEE_AUTOMATION PROJECTS\MANAGEMENT\05. Kothari Ashish Arvind\Outstanding Report - KC02005-Shanti Packaging Industries, Pune.xlsb","","OK","","13","",""
"2025-10-23 06:45:00","2025-10-23","05:00","Refresh","C:\Temp\ExcelAutomation\02 Data Update - 05.00 AM.xlsx","\\192.168.1.237\Accounts\SURESH_KAKEE_AUTOMATION PROJECTS\SOLAPUR (HO)\04. MARKETING\B. PIPE DIVISION\06. LAXMIKANT JOSHI\Report - 2025-26\Sales Dashboard - 2025-26.xlsb","","OK","","48","",""
"2025-10-23 06:45:17","2025-10-23","05:00","Refresh","C:\Temp\ExcelAutomation\02 Data Update - 05.00 AM.xlsx","\\192.168.1.237\Accounts\SURESH_KAKEE_AUTOMATION PROJECTS\MANAGEMENT\05. Kothari Ashish Arvind\RM_SALES_&_OPEN_SO_REPORT - 2025-26.xlsx","","OK","","17","",""
"2025-10-23 06:45:48","2025-10-23","05:00","Refresh","C:\Temp\ExcelAutomation\02 Data Update - 05.00 AM.xlsx","\\192.168.1.237\Accounts\SURESH_KAKEE_AUTOMATION PROJECTS\MANAGEMENT\05. Kothari Ashish Arvind\Current Month -Sales Qty Report (Udyamnagar, Mohol, Prima)_OEM_2025-26.xlsb","","OK","","46","",""
"2025-10-23 06:45:57","2025-10-23","05:00","Refresh","C:\Temp\ExcelAutomation\02 Data Update - 05.00 AM.xlsx","\\192.168.1.237\Accounts\SURESH_KAKEE_AUTOMATION PROJECTS\SOLAPUR (HO)\04. MARKETING\B. PIPE DIVISION\06. LAXMIKANT JOSHI\Report - 2025-26\Sales Register_2025-26.xlsb","","OK","","85","",""
"2025-10-23 06:46:17","2025-10-23","05:00","Refresh","C:\Temp\ExcelAutomation\02 Data Update - 05.00 AM.xlsx","\\192.168.1.237\Accounts\SURESH_KAKEE_AUTOMATION PROJECTS\MANAGEMENT\09. Kothari Akshay Arvind\Due Report.xlsx","","OK","","26","",""
"2025-10-23 06:47:12","2025-10-23","05:00","Refresh","C:\Temp\ExcelAutomation\02 Data Update - 05.00 AM.xlsx","\\192.168.1.237\Accounts\SURESH_KAKEE_AUTOMATION PROJECTS\MANAGEMENT\09. Kothari Akshay Arvind\Stock Ageing Report - 2025-26.xlsb","","OK","","51","",""
"2025-10-23 06:47:14","2025-10-23","05:00","Refresh","C:\Temp\ExcelAutomation\02 Data Update - 05.00 AM.xlsx","\\192.168.1.237\Accounts\SURESH_KAKEE_AUTOMATION PROJECTS\MANAGEMENT\09. Kothari Akshay Arvind\MIS REPORT_2025-26_V1.xlsb","","OK","","56","",""
"2025-10-23 06:47:17","2025-10-23","05:00","Refresh","C:\Temp\ExcelAutomation\02 Data Update - 05.00 AM.xlsx","\\192.168.1.237\Accounts\SURESH_KAKEE_AUTOMATION PROJECTS\MANAGEMENT\09. Kothari Akshay Arvind\Daily Production Report.xlsb","","OK","","116","",""
"2025-10-23 06:55:19","2025-10-23","05:00","Refresh","C:\Temp\ExcelAutomation\02 Data Update - 05.00 AM.xlsx","\\192.168.1.237\Accounts\SURESH_KAKEE_AUTOMATION PROJECTS\MANAGEMENT\06. Kothari Pushkaraj Kiran\ID_Marketing Report (All India).xlsb","","OK","","482","",""
"2025-10-23 06:55:21","2025-10-23","05:00","Refresh","C:\Temp\ExcelAutomation\02 Data Update - 05.00 AM.xlsx","\\192.168.1.237\Accounts\SURESH_KAKEE_AUTOMATION PROJECTS\MANAGEMENT\06. Kothari Pushkaraj Kiran\Distributor Report - Dashboard - Weekly - Monday.xlsb","","OK","","487","",""
"2025-10-23 06:55:22","2025-10-23","05:00","Refresh","C:\Temp\ExcelAutomation\02 Data Update - 05.00 AM.xlsx","\\192.168.1.237\Accounts\SURESH_KAKEE_AUTOMATION PROJECTS\MANAGEMENT\07. Kothari Gaurav Ujwal\Report - 2025-26\MIS REPORT_Mr. Gourav Kothari Sir -2025-26.xlsb","","OK","","482","",""
"2025-10-23 06:56:00","2025-10-23","05:00","Refresh","C:\Temp\ExcelAutomation\02 Data Update - 05.00 AM.xlsx","\\192.168.1.237\Accounts\SURESH_KAKEE_AUTOMATION PROJECTS\MANAGEMENT\08. Kothari Sourabh Ujwal\Reports - 2025-26\BOM Data_KAPL - 2025-26.xlsb","","OK","","39","",""
"2025-10-23 06:56:22","2025-10-23","05:00","Refresh","C:\Temp\ExcelAutomation\02 Data Update - 05.00 AM.xlsx","\\192.168.1.237\Accounts\SURESH_KAKEE_AUTOMATION PROJECTS\MANAGEMENT\08. Kothari Sourabh Ujwal\Reports - 2025-26\Irrigation Division.xlsb","","OK","","57","",""
"2025-10-23 06:56:52","2025-10-23","05:00","Refresh","C:\Temp\ExcelAutomation\02 Data Update - 05.00 AM.xlsx","\\192.168.1.237\Accounts\SURESH_KAKEE_AUTOMATION PROJECTS\MANAGEMENT\08. Kothari Sourabh Ujwal\Reports - 2025-26\Daily Production Report.xlsb","","OK","","88","",""
"2025-10-23 06:57:21","2025-10-23","05:00","Refresh","C:\Temp\ExcelAutomation\02 Data Update - 05.00 AM.xlsx","\\192.168.1.237\Accounts\SURESH_KAKEE_AUTOMATION PROJECTS\MANAGEMENT\08. Kothari Sourabh Ujwal\Reports - 2025-26\Multiple BP Code Report - 2025-26.xlsb","","OK","","24","",""
"2025-10-23 06:57:27","2025-10-23","05:00","Refresh","C:\Temp\ExcelAutomation\02 Data Update - 05.00 AM.xlsx","\\192.168.1.237\Accounts\SURESH_KAKEE_AUTOMATION PROJECTS\MANAGEMENT\08. Kothari Sourabh Ujwal\Reports - 2025-26\MIS REPORT_2025-26_NEW.xlsb","","OK","","47","",""
"2025-10-23 06:57:36","2025-10-23","05:00","Refresh","C:\Temp\ExcelAutomation\02 Data Update - 05.00 AM.xlsx","\\192.168.1.237\Accounts\SURESH_KAKEE_AUTOMATION PROJECTS\MANAGEMENT\08. Kothari Sourabh Ujwal\Reports - 2025-26\ISSUE COST OF PRODUCED ITEMS_FINAL - 2024-25.xlsb","","OK","","72","",""
"2025-10-23 06:57:47","2025-10-23","05:00","Refresh","C:\Temp\ExcelAutomation\02 Data Update - 05.00 AM.xlsx","\\192.168.1.237\Accounts\SURESH_KAKEE_AUTOMATION PROJECTS\MANAGEMENT\08. Kothari Sourabh Ujwal\Reports - 2025-26\Purchase order Report.xlsb","","OK","","17","",""
"2025-10-23 06:58:11","2025-10-23","05:00","Refresh","C:\Temp\ExcelAutomation\02 Data Update - 05.00 AM.xlsx","\\192.168.1.237\Accounts\SURESH_KAKEE_AUTOMATION PROJECTS\MANAGEMENT\08. Kothari Sourabh Ujwal\Reports - 2025-26\RM Cost Per Kgs - 2025-26.xlsb","","OK","","25","",""
"2025-10-23 06:58:50","2025-10-23","05:00","Refresh","C:\Temp\ExcelAutomation\02 Data Update - 05.00 AM.xlsx","\\192.168.1.237\Accounts\SURESH_KAKEE_AUTOMATION PROJECTS\MANAGEMENT\08. Kothari Sourabh Ujwal\Reports - 2025-26\Stock Ageing Report - 2025-26.xlsb","","OK","","36","",""
"2025-10-23 06:58:55","2025-10-23","05:00","Refresh","C:\Temp\ExcelAutomation\02 Data Update - 05.00 AM.xlsx","\\192.168.1.237\Accounts\SURESH_KAKEE_AUTOMATION PROJECTS\MANAGEMENT\08. Kothari Sourabh Ujwal\Reports - 2025-26\Production Report - With_Data_For 2 Years-2024-25.xlsb","","OK","","90","",""
"2025-10-23 06:59:22","2025-10-23","05:00","Refresh","C:\Temp\ExcelAutomation\02 Data Update - 05.00 AM.xlsx","\\192.168.1.237\Accounts\SURESH_KAKEE_AUTOMATION PROJECTS\MANAGEMENT\08. Kothari Sourabh Ujwal\Reports - 2025-26\Stock Report - 2025-26.xlsb","","OK","","30","",""
"2025-10-23 07:04:07","2025-10-23","05:00","Refresh","C:\Temp\ExcelAutomation\02 Data Update - 05.00 AM.xlsx","\\192.168.1.237\Accounts\SURESH_KAKEE_AUTOMATION PROJECTS\MANAGEMENT\08. Kothari Sourabh Ujwal\008 FMRM REPORTS-FY-2025-26\001. Irrigation Division\FY - 2025-26\6 On-Time In-Full OTIF - ID.xlsb","","OK","","308","",""
"2025-10-23 07:04:08","2025-10-23","05:00","Refresh","C:\Temp\ExcelAutomation\02 Data Update - 05.00 AM.xlsx","\\192.168.1.237\Accounts\SURESH_KAKEE_AUTOMATION PROJECTS\MANAGEMENT\08. Kothari Sourabh Ujwal\008 FMRM REPORTS-FY-2025-26\001. Irrigation Division\FY - 2025-26\1 Revenue, Collection & Outstanding Report - ID.xlsb","","OK","","282","",""
"2025-10-23 07:10:35","2025-10-23","05:00","Refresh","C:\Temp\ExcelAutomation\02 Data Update - 05.00 AM.xlsx","\\192.168.1.237\Accounts\SURESH_KAKEE_AUTOMATION PROJECTS\MANAGEMENT\08. Kothari Sourabh Ujwal\008 FMRM REPORTS-FY-2025-26\001. Irrigation Division\FY - 2025-26\6 On-Time In-Full OTIF - ALL DIVISION.xlsb","","OK","","388","",""
"2025-10-23 07:10:36","2025-10-23","05:00","Refresh","C:\Temp\ExcelAutomation\02 Data Update - 05.00 AM.xlsx","\\192.168.1.237\Accounts\SURESH_KAKEE_AUTOMATION PROJECTS\MANAGEMENT\08. Kothari Sourabh Ujwal\008 FMRM REPORTS-FY-2025-26\002. Pipe Division\PD Heads - FY -2025-26\Mr  Unnikrishnan Pillai - BD.xlsb","","OK","","384","",""
"2025-10-23 07:10:36","2025-10-23","05:00","Refresh","C:\Temp\ExcelAutomation\02 Data Update - 05.00 AM.xlsx","\\192.168.1.237\Accounts\SURESH_KAKEE_AUTOMATION PROJECTS\MANAGEMENT\08. Kothari Sourabh Ujwal\008 FMRM REPORTS-FY-2025-26\002. Pipe Division\PD Heads - FY -2025-26\Mr Rahul Chitnis Report - PD.xlsb","","OK","","386","",""
"2025-10-23 07:11:45","2025-10-23","05:00","Refresh","C:\Temp\ExcelAutomation\02 Data Update - 05.00 AM.xlsx","\\192.168.1.237\Accounts\SURESH_KAKEE_AUTOMATION PROJECTS\MANAGEMENT\08. Kothari Sourabh Ujwal\008 FMRM REPORTS-FY-2025-26\002. Pipe Division\PD Heads - FY -2025-26\Mr Prabhat Panda - BD.xlsb","","OK","","65","",""
"2025-10-23 07:11:46","2025-10-23","05:00","Refresh","C:\Temp\ExcelAutomation\02 Data Update - 05.00 AM.xlsx","\\192.168.1.237\Accounts\SURESH_KAKEE_AUTOMATION PROJECTS\MANAGEMENT\08. Kothari Sourabh Ujwal\008 FMRM REPORTS-FY-2025-26\002. Pipe Division\PD Heads - FY -2025-26\Mr  Unnikrishnan Pillai - PD.xlsb","","OK","","68","",""
"2025-10-23 07:11:47","2025-10-23","05:00","Refresh","C:\Temp\ExcelAutomation\02 Data Update - 05.00 AM.xlsx","\\192.168.1.237\Accounts\SURESH_KAKEE_AUTOMATION PROJECTS\MANAGEMENT\08. Kothari Sourabh Ujwal\008 FMRM REPORTS-FY-2025-26\002. Pipe Division\PD Heads - FY -2025-26\Mr Mallinath Madgunaki Report - BD.xlsb","","OK","","67","",""
"2025-10-23 07:13:01","2025-10-23","05:00","Refresh","C:\Temp\ExcelAutomation\02 Data Update - 05.00 AM.xlsx","\\192.168.1.237\Accounts\SURESH_KAKEE_AUTOMATION PROJECTS\MANAGEMENT\08. Kothari Sourabh Ujwal\008 FMRM REPORTS-FY-2025-26\002. Pipe Division\PD Heads - FY -2025-26\Mr Prabhat Panda - PD.xlsb","","OK","","72","",""
"2025-10-23 07:13:01","2025-10-23","05:00","Refresh","C:\Temp\ExcelAutomation\02 Data Update - 05.00 AM.xlsx","\\192.168.1.237\Accounts\SURESH_KAKEE_AUTOMATION PROJECTS\MANAGEMENT\08. Kothari Sourabh Ujwal\008 FMRM REPORTS-FY-2025-26\002. Pipe Division\PD Heads - FY -2025-26\Mr Rahul Chitnis Report - BD.xlsb","","OK","","72","",""
"2025-10-23 07:13:01","2025-10-23","05:00","Refresh","C:\Temp\ExcelAutomation\02 Data Update - 05.00 AM.xlsx","\\192.168.1.237\Accounts\SURESH_KAKEE_AUTOMATION PROJECTS\MANAGEMENT\08. Kothari Sourabh Ujwal\008 FMRM REPORTS-FY-2025-26\002. Pipe Division\PD Heads - FY -2025-26\Mr Rahul Chitnis Report - PD - MH.xlsb","","OK","","70","",""
"2025-10-23 07:15:54","2025-10-23","05:00","Refresh","C:\Temp\ExcelAutomation\02 Data Update - 05.00 AM.xlsx","\\192.168.1.237\Accounts\SURESH_KAKEE_AUTOMATION PROJECTS\MANAGEMENT\08. Kothari Sourabh Ujwal\008 FMRM REPORTS-FY-2025-26\002. Pipe Division\FY - 2025-26\1 Revenue, Collection & Outstanding Report - PD.xlsb","","OK","","169","",""
"2025-10-23 07:15:55","2025-10-23","05:00","Refresh","C:\Temp\ExcelAutomation\02 Data Update - 05.00 AM.xlsx","\\192.168.1.237\Accounts\SURESH_KAKEE_AUTOMATION PROJECTS\MANAGEMENT\08. Kothari Sourabh Ujwal\008 FMRM REPORTS-FY-2025-26\003. Building Division\FY - 2025-26\6 On-Time In-Full OTIF - BD.xlsb","","OK","","169","",""
"2025-10-23 07:15:55","2025-10-23","05:00","Refresh","C:\Temp\ExcelAutomation\02 Data Update - 05.00 AM.xlsx","\\192.168.1.237\Accounts\SURESH_KAKEE_AUTOMATION PROJECTS\MANAGEMENT\08. Kothari Sourabh Ujwal\008 FMRM REPORTS-FY-2025-26\002. Pipe Division\FY - 2025-26\6 On-Time In-Full OTIF - PD.xlsb","","OK","","171","",""
"2025-10-23 07:17:21","2025-10-23","05:00","Refresh","C:\Temp\ExcelAutomation\02 Data Update - 05.00 AM.xlsx","\\192.168.1.237\Accounts\SURESH_KAKEE_AUTOMATION PROJECTS\MANAGEMENT\08. Kothari Sourabh Ujwal\008 FMRM REPORTS-FY-2025-26\003. Building Division\FY - 2025-26\1 Revenue, Collection & Outstanding Report - BD.xlsb","","OK","","85","",""
"2025-10-23 07:17:23","2025-10-23","05:00","Refresh","C:\Temp\ExcelAutomation\02 Data Update - 05.00 AM.xlsx","\\192.168.1.237\Accounts\SURESH_KAKEE_AUTOMATION PROJECTS\MANAGEMENT\08. Kothari Sourabh Ujwal\008 FMRM REPORTS-FY-2025-26\004. OEM (C)\FY - 2025-26\1 Revenue, Collection & Outstanding Report - OEM C.xlsb","","OK","","84","",""
"2025-10-23 07:17:25","2025-10-23","05:00","Refresh","C:\Temp\ExcelAutomation\02 Data Update - 05.00 AM.xlsx","\\192.168.1.237\Accounts\SURESH_KAKEE_AUTOMATION PROJECTS\MANAGEMENT\08. Kothari Sourabh Ujwal\008 FMRM REPORTS-FY-2025-26\004. OEM (C)\FY - 2025-26\6 On-Time In-Full OTIF - OEM_C.xlsb","","OK","","87","",""
"2025-10-23 07:19:13","2025-10-23","05:00","Refresh","C:\Temp\ExcelAutomation\02 Data Update - 05.00 AM.xlsx","\\192.168.1.237\Accounts\SURESH_KAKEE_AUTOMATION PROJECTS\MANAGEMENT\08. Kothari Sourabh Ujwal\008 FMRM REPORTS-FY-2025-26\006. Project\FY - 2025-26\6 On-Time In-Full OTIF - Project.xlsb","","OK","","106","",""
"2025-10-23 07:19:14","2025-10-23","05:00","Refresh","C:\Temp\ExcelAutomation\02 Data Update - 05.00 AM.xlsx","\\192.168.1.237\Accounts\SURESH_KAKEE_AUTOMATION PROJECTS\MANAGEMENT\08. Kothari Sourabh Ujwal\008 FMRM REPORTS-FY-2025-26\005. OEM (P)\FY - 2025-26\1 Revenue, Collection & Outstanding Report - OEM P.xlsb","","OK","","109","",""
"2025-10-23 07:19:15","2025-10-23","05:00","Refresh","C:\Temp\ExcelAutomation\02 Data Update - 05.00 AM.xlsx","\\192.168.1.237\Accounts\SURESH_KAKEE_AUTOMATION PROJECTS\MANAGEMENT\08. Kothari Sourabh Ujwal\008 FMRM REPORTS-FY-2025-26\005. OEM (P)\FY - 2025-26\6 On-Time In-Full OTIF - OEM_P.xlsb","","OK","","111","",""
"2025-10-23 07:20:54","2025-10-23","05:00","Refresh","C:\Temp\ExcelAutomation\02 Data Update - 05.00 AM.xlsx","\\192.168.1.237\Accounts\SURESH_KAKEE_AUTOMATION PROJECTS\MANAGEMENT\08. Kothari Sourabh Ujwal\008 FMRM REPORTS-FY-2025-26\006. Project\FY - 2025-26\1 Revenue, Collection & Outstanding Report - Project.xlsb","","OK","","99","",""
"2025-10-23 07:20:55","2025-10-23","05:00","Refresh","C:\Temp\ExcelAutomation\02 Data Update - 05.00 AM.xlsx","\\192.168.1.237\Accounts\SURESH_KAKEE_AUTOMATION PROJECTS\MANAGEMENT\08. Kothari Sourabh Ujwal\008 FMRM REPORTS-FY-2025-26\007. Raw Material\FY - 2025-26\1 Revenue, Collection & Outstanding Report - RM.xlsb","","OK","","97","",""
"2025-10-23 07:20:56","2025-10-23","05:00","Refresh","C:\Temp\ExcelAutomation\02 Data Update - 05.00 AM.xlsx","\\192.168.1.237\Accounts\SURESH_KAKEE_AUTOMATION PROJECTS\MANAGEMENT\08. Kothari Sourabh Ujwal\008 FMRM REPORTS-FY-2025-26\007. Raw Material\FY - 2025-26\6 On-Time In-Full OTIF - RM.xlsb","","OK","","99","",""
"2025-10-23 07:22:32","2025-10-23","05:00","Refresh","C:\Temp\ExcelAutomation\02 Data Update - 05.00 AM.xlsx","\\192.168.1.237\Accounts\SURESH_KAKEE_AUTOMATION PROJECTS\MANAGEMENT\08. Kothari Sourabh Ujwal\008 FMRM REPORTS-FY-2025-26\008. Prod Vs Ele & R & M Analysis\5 Production Vs Electricity & Repairs and Maintance Expenses Report.xlsb","","OK","","94","",""
"2025-10-23 07:22:32","2025-10-23","05:00","Refresh","C:\Temp\ExcelAutomation\02 Data Update - 05.00 AM.xlsx","\\192.168.1.237\Accounts\SURESH_KAKEE_AUTOMATION PROJECTS\MANAGEMENT\08. Kothari Sourabh Ujwal\008 FMRM REPORTS-FY-2025-26\008. Prod Vs Ele & R & M Analysis\5 Production Vs Electricity & Repairs and Maintance Expenses Report - GJ.xlsb","","OK","","95","",""
"2025-10-23 07:22:32","2025-10-23","05:00","Refresh","C:\Temp\ExcelAutomation\02 Data Update - 05.00 AM.xlsx","\\192.168.1.237\Accounts\SURESH_KAKEE_AUTOMATION PROJECTS\MANAGEMENT\08. Kothari Sourabh Ujwal\008 FMRM REPORTS-FY-2025-26\008. Prod Vs Ele & R & M Analysis\5 Production Vs Electricity & Repairs and Maintance Expenses Report - UN.xlsb","","OK","","93","",""
"2025-10-23 07:23:47","2025-10-23","05:00","Refresh","C:\Temp\ExcelAutomation\02 Data Update - 05.00 AM.xlsx","\\192.168.1.237\Accounts\SURESH_KAKEE_AUTOMATION PROJECTS\MANAGEMENT\08. Kothari Sourabh Ujwal\008 FMRM REPORTS-FY-2025-26\008. Prod Vs Ele & R & M Analysis\5 Production Vs Electricity & Repairs and Maintance Expenses Report - MHL.xlsb","","OK","","73","",""
"2025-10-23 07:23:47","2025-10-23","05:00","Refresh","C:\Temp\ExcelAutomation\02 Data Update - 05.00 AM.xlsx","\\192.168.1.237\Accounts\SURESH_KAKEE_AUTOMATION PROJECTS\MANAGEMENT\08. Kothari Sourabh Ujwal\008 FMRM REPORTS-FY-2025-26\009. Production\4. Udyamnagar_Pramod Sutar.xlsb","","OK","","71","",""
"2025-10-23 07:23:49","2025-10-23","05:00","Refresh","C:\Temp\ExcelAutomation\02 Data Update - 05.00 AM.xlsx","\\192.168.1.237\Accounts\SURESH_KAKEE_AUTOMATION PROJECTS\MANAGEMENT\08. Kothari Sourabh Ujwal\008 FMRM REPORTS-FY-2025-26\009. Production\4. Gujarat_Abhimanyu Tiwari.xlsb","","OK","","73","",""
"2025-10-23 07:25:19","2025-10-23","05:00","Refresh","C:\Temp\ExcelAutomation\02 Data Update - 05.00 AM.xlsx","\\192.168.1.237\Accounts\SURESH_KAKEE_AUTOMATION PROJECTS\MANAGEMENT\08. Kothari Sourabh Ujwal\008 FMRM REPORTS-FY-2025-26\009. Production\4. Gujarat_Atul Chhatre.xlsb","","OK","","89","",""
"2025-10-23 07:25:21","2025-10-23","05:00","Refresh","C:\Temp\ExcelAutomation\02 Data Update - 05.00 AM.xlsx","\\192.168.1.237\Accounts\SURESH_KAKEE_AUTOMATION PROJECTS\MANAGEMENT\08. Kothari Sourabh Ujwal\008 FMRM REPORTS-FY-2025-26\009. Production\4. Gujarat_Ankur Shrivastava.xlsb","","OK","","92","",""
"2025-10-23 07:25:24","2025-10-23","05:00","Refresh","C:\Temp\ExcelAutomation\02 Data Update - 05.00 AM.xlsx","\\192.168.1.237\Accounts\SURESH_KAKEE_AUTOMATION PROJECTS\MANAGEMENT\08. Kothari Sourabh Ujwal\008 FMRM REPORTS-FY-2025-26\009. Production\4. Management.xlsb","","OK","","92","",""
"2025-10-23 07:26:39","2025-10-23","05:00","Refresh","C:\Temp\ExcelAutomation\02 Data Update - 05.00 AM.xlsx","\\192.168.1.237\Accounts\SURESH_KAKEE_AUTOMATION PROJECTS\MANAGEMENT\08. Kothari Sourabh Ujwal\008 FMRM REPORTS-FY-2025-26\009. Production\4. Mohol_Mahesh Konnur.xlsb","","OK","","77","",""
"2025-10-23 07:26:41","2025-10-23","05:00","Refresh","C:\Temp\ExcelAutomation\02 Data Update - 05.00 AM.xlsx","\\192.168.1.237\Accounts\SURESH_KAKEE_AUTOMATION PROJECTS\MANAGEMENT\08. Kothari Sourabh Ujwal\008 FMRM REPORTS-FY-2025-26\009. Production\4. Mohol_Mr. Altaf Buddebhai.xlsb","","OK","","76","",""
"2025-10-23 07:26:43","2025-10-23","05:00","Refresh","C:\Temp\ExcelAutomation\02 Data Update - 05.00 AM.xlsx","\\192.168.1.237\Accounts\SURESH_KAKEE_AUTOMATION PROJECTS\MANAGEMENT\08. Kothari Sourabh Ujwal\008 FMRM REPORTS-FY-2025-26\009. Production\4. Mohol_Snehal D Vhasale.xlsb","","OK","","76","",""
"2025-10-23 07:27:57","2025-10-23","05:00","Refresh","C:\Temp\ExcelAutomation\02 Data Update - 05.00 AM.xlsx","\\192.168.1.237\Accounts\SURESH_KAKEE_AUTOMATION PROJECTS\MANAGEMENT\08. Kothari Sourabh Ujwal\008 FMRM REPORTS-FY-2025-26\009. Production\4. Udyamnagar_Alok Mahapatra (Agri).xlsb","","OK","","76","",""
"2025-10-23 07:27:57","2025-10-23","05:00","Refresh","C:\Temp\ExcelAutomation\02 Data Update - 05.00 AM.xlsx","\\192.168.1.237\Accounts\SURESH_KAKEE_AUTOMATION PROJECTS\MANAGEMENT\08. Kothari Sourabh Ujwal\008 FMRM REPORTS-FY-2025-26\009. Production\4. Udyamnagar_Alok Mahapatra (Building).xlsb","","OK","","74","",""
"2025-10-23 07:28:00","2025-10-23","05:00","Refresh","C:\Temp\ExcelAutomation\02 Data Update - 05.00 AM.xlsx","\\192.168.1.237\Accounts\SURESH_KAKEE_AUTOMATION PROJECTS\MANAGEMENT\08. Kothari Sourabh Ujwal\008 FMRM REPORTS-FY-2025-26\009. Production\4. Udyamnagar_Kiran Choudhari (PE).xlsb","","OK","","74","",""
"2025-10-23 07:29:01","2025-10-23","05:00","Refresh","C:\Temp\ExcelAutomation\02 Data Update - 05.00 AM.xlsx","\\192.168.1.237\Accounts\SURESH_KAKEE_AUTOMATION PROJECTS\MANAGEMENT\08. Kothari Sourabh Ujwal\008 FMRM REPORTS-FY-2025-26\010. Transportation Cost Analysis\6.2 Transportation Cost Analysis-2025-26.xlsb","","OK","","59","",""
"2025-10-23 07:29:02","2025-10-23","05:00","Refresh","C:\Temp\ExcelAutomation\02 Data Update - 05.00 AM.xlsx","\\192.168.1.237\Accounts\SURESH_KAKEE_AUTOMATION PROJECTS\MANAGEMENT\08. Kothari Sourabh Ujwal\008 FMRM REPORTS-FY-2025-26\009. Production\4. Udyamnagar_Pramod Sutar (Suction_Fabricated_RRJ).xlsb","","OK","","62","",""
"2025-10-23 07:29:03","2025-10-23","05:00","Refresh","C:\Temp\ExcelAutomation\02 Data Update - 05.00 AM.xlsx","\\192.168.1.237\Accounts\SURESH_KAKEE_AUTOMATION PROJECTS\MANAGEMENT\08. Kothari Sourabh Ujwal\008 FMRM REPORTS-FY-2025-26\009. Production\4. Udyamnagar_Kiran Choudhari (PVC).xlsb","","OK","","64","",""
"2025-10-23 07:29:34","2025-10-23","05:00","Refresh","C:\Temp\ExcelAutomation\02 Data Update - 05.00 AM.xlsx","\\192.168.1.237\Accounts\SURESH_KAKEE_AUTOMATION PROJECTS\MANAGEMENT\08. Kothari Sourabh Ujwal\008 FMRM REPORTS-FY-2025-26\010. Transportation Cost Analysis\6.2 Transportation Cost Analysis-2024-25.xlsb","","OK","","31","",""
"2025-10-23 07:29:35","2025-10-23","05:00","Refresh","C:\Temp\ExcelAutomation\02 Data Update - 05.00 AM.xlsx","\\192.168.1.237\Accounts\SURESH_KAKEE_AUTOMATION PROJECTS\MANAGEMENT\08. Kothari Sourabh Ujwal\008 FMRM REPORTS-FY-2025-26\011. Warehouse Cost Analysis\6.3 Warehouse Cost Analysis-2025-26.xlsb","","OK","","29","",""
"2025-10-23 07:30:03","2025-10-23","05:00","Refresh","C:\Temp\ExcelAutomation\02 Data Update - 05.00 AM.xlsx","\\192.168.1.237\Accounts\SURESH_KAKEE_AUTOMATION PROJECTS\MANAGEMENT\08. Kothari Sourabh Ujwal\008 FMRM REPORTS-FY-2025-26\012. PPC - Stock Ageing\3 Stock Ageing - Udyamnagar.xlsb","","OK","","26","",""
"2025-10-23 07:30:05","2025-10-23","05:00","Refresh","C:\Temp\ExcelAutomation\02 Data Update - 05.00 AM.xlsx","\\192.168.1.237\Accounts\SURESH_KAKEE_AUTOMATION PROJECTS\MANAGEMENT\08. Kothari Sourabh Ujwal\008 FMRM REPORTS-FY-2025-26\012. PPC - Stock Ageing\3 PPC - Stock Ageing Report - 2025-26.xlsb","","OK","","27","",""
"2025-10-23 07:30:06","2025-10-23","05:00","Refresh","C:\Temp\ExcelAutomation\02 Data Update - 05.00 AM.xlsx","\\192.168.1.237\Accounts\SURESH_KAKEE_AUTOMATION PROJECTS\MANAGEMENT\08. Kothari Sourabh Ujwal\008 FMRM REPORTS-FY-2025-26\011. Warehouse Cost Analysis\6.3 Warehouse Cost Analysis-2024-25.xlsb","","OK","","62","",""
"2025-10-23 07:30:25","2025-10-23","05:00","Refresh","C:\Temp\ExcelAutomation\02 Data Update - 05.00 AM.xlsx","\\192.168.1.237\Accounts\SURESH_KAKEE_AUTOMATION PROJECTS\MANAGEMENT\08. Kothari Sourabh Ujwal\008 FMRM REPORTS-FY-2025-26\012. PPC - Stock Ageing\3 Stock Ageing - Gujarat.xlsb","","OK","","21","",""
"2025-10-23 07:30:27","2025-10-23","05:00","Refresh","C:\Temp\ExcelAutomation\02 Data Update - 05.00 AM.xlsx","\\192.168.1.237\Accounts\SURESH_KAKEE_AUTOMATION PROJECTS\MANAGEMENT\08. Kothari Sourabh Ujwal\008 FMRM REPORTS-FY-2025-26\012. PPC - Stock Ageing\3 Stock Ageing - Mr Mahesh Konnur.xlsb","","OK","","20","",""
"2025-10-23 07:30:29","2025-10-23","05:00","Refresh","C:\Temp\ExcelAutomation\02 Data Update - 05.00 AM.xlsx","\\192.168.1.237\Accounts\SURESH_KAKEE_AUTOMATION PROJECTS\MANAGEMENT\08. Kothari Sourabh Ujwal\008 FMRM REPORTS-FY-2025-26\012. PPC - Stock Ageing\3 Stock Ageing - Mr Snehal D Vhasale.xlsb","","OK","","20","",""
"2025-10-23 07:36:20","2025-10-23","05:00","Refresh","C:\Temp\ExcelAutomation\02 Data Update - 05.00 AM.xlsx","\\192.168.1.237\Accounts\SURESH_KAKEE_AUTOMATION PROJECTS\MARKETING EMPLOYEES\008 FMRM REPORTS-FY-2025-26_New\001. Irrigation Division\FY - 2025-26\6 On-Time In-Full OTIF - ALL DIVISION.xlsb","","OK","","348","",""
"2025-10-23 07:36:21","2025-10-23","05:00","Refresh","C:\Temp\ExcelAutomation\02 Data Update - 05.00 AM.xlsx","\\192.168.1.237\Accounts\SURESH_KAKEE_AUTOMATION PROJECTS\MARKETING EMPLOYEES\008 FMRM REPORTS-FY-2025-26_New\001. Irrigation Division\FY - 2025-26\1 Revenue, Collection & Outstanding Report - ID.xlsb","","OK","","351","",""
"2025-10-23 07:36:22","2025-10-23","05:00","Refresh","C:\Temp\ExcelAutomation\02 Data Update - 05.00 AM.xlsx","\\192.168.1.237\Accounts\SURESH_KAKEE_AUTOMATION PROJECTS\MARKETING EMPLOYEES\008 FMRM REPORTS-FY-2025-26_New\000. All Division\1 Revenue, Collection & Outstanding Report.xlsb","","OK","","354","",""
"2025-10-23 07:37:39","2025-10-23","05:00","Refresh","C:\Temp\ExcelAutomation\02 Data Update - 05.00 AM.xlsx","\\192.168.1.237\Accounts\SURESH_KAKEE_AUTOMATION PROJECTS\MARKETING EMPLOYEES\008 FMRM REPORTS-FY-2025-26_New\002. Pipe Division\PD Heads - FY -2025-26\Mr Rahul Chitnis Report - PD - MH.xlsb","","OK","","75","",""
"2025-10-23 07:37:39","2025-10-23","05:00","Refresh","C:\Temp\ExcelAutomation\02 Data Update - 05.00 AM.xlsx","\\192.168.1.237\Accounts\SURESH_KAKEE_AUTOMATION PROJECTS\MARKETING EMPLOYEES\008 FMRM REPORTS-FY-2025-26_New\002. Pipe Division\FY - 2025-26\1 Revenue, Collection & Outstanding Report - PD.xlsb","","OK","","76","",""
"2025-10-23 07:37:41","2025-10-23","05:00","Refresh","C:\Temp\ExcelAutomation\02 Data Update - 05.00 AM.xlsx","\\192.168.1.237\Accounts\SURESH_KAKEE_AUTOMATION PROJECTS\MARKETING EMPLOYEES\008 FMRM REPORTS-FY-2025-26_New\002. Pipe Division\PD Heads - FY -2025-26\Mr Prabhat Panda - PD.xlsb","","OK","","75","",""
"2025-10-23 07:38:50","2025-10-23","05:00","Refresh","C:\Temp\ExcelAutomation\02 Data Update - 05.00 AM.xlsx","\\192.168.1.237\Accounts\SURESH_KAKEE_AUTOMATION PROJECTS\MARKETING EMPLOYEES\008 FMRM REPORTS-FY-2025-26_New\002. Pipe Division\PD Heads - FY -2025-26\Mr Rahul Chitnis Report - BD.xlsb","","OK","","67","",""
"2025-10-23 07:38:51","2025-10-23","05:00","Refresh","C:\Temp\ExcelAutomation\02 Data Update - 05.00 AM.xlsx","\\192.168.1.237\Accounts\SURESH_KAKEE_AUTOMATION PROJECTS\MARKETING EMPLOYEES\008 FMRM REPORTS-FY-2025-26_New\002. Pipe Division\PD Heads - FY -2025-26\Mr Mallinath Madgunaki Report - BD.xlsb","","OK","","68","",""
"2025-10-23 07:38:52","2025-10-23","05:00","Refresh","C:\Temp\ExcelAutomation\02 Data Update - 05.00 AM.xlsx","\\192.168.1.237\Accounts\SURESH_KAKEE_AUTOMATION PROJECTS\MARKETING EMPLOYEES\008 FMRM REPORTS-FY-2025-26_New\002. Pipe Division\PD Heads - FY -2025-26\Mr Prabhat Panda - BD.xlsb","","OK","","70","",""
"2025-10-23 07:40:02","2025-10-23","05:00","Refresh","C:\Temp\ExcelAutomation\02 Data Update - 05.00 AM.xlsx","\\192.168.1.237\Accounts\SURESH_KAKEE_AUTOMATION PROJECTS\MARKETING EMPLOYEES\008 FMRM REPORTS-FY-2025-26_New\002. Pipe Division\PD Heads - FY -2025-26\Mr  Unnikrishnan Pillai - PD.xlsb","","OK","","67","",""
"2025-10-23 07:40:04","2025-10-23","05:00","Refresh","C:\Temp\ExcelAutomation\02 Data Update - 05.00 AM.xlsx","\\192.168.1.237\Accounts\SURESH_KAKEE_AUTOMATION PROJECTS\MARKETING EMPLOYEES\008 FMRM REPORTS-FY-2025-26_New\002. Pipe Division\PD Heads - FY -2025-26\Mr  Unnikrishnan Pillai - BD.xlsb","","OK","","71","",""
"2025-10-23 07:40:04","2025-10-23","05:00","Refresh","C:\Temp\ExcelAutomation\02 Data Update - 05.00 AM.xlsx","\\192.168.1.237\Accounts\SURESH_KAKEE_AUTOMATION PROJECTS\MARKETING EMPLOYEES\008 FMRM REPORTS-FY-2025-26_New\002. Pipe Division\PD Heads - FY -2025-26\Mr Rahul Chitnis Report - PD.xlsb","","OK","","69","",""
"2025-10-23 07:40:57","2025-10-23","05:00","Refresh","C:\Temp\ExcelAutomation\02 Data Update - 05.00 AM.xlsx","\\192.168.1.237\Accounts\SURESH_KAKEE_AUTOMATION PROJECTS\MARKETING EMPLOYEES\008 FMRM REPORTS-FY-2025-26_New\005. OEM (P)\FY - 2025-26\1 Revenue, Collection & Outstanding Report - OEM P.xlsb","","OK","","49","",""
"2025-10-23 07:40:58","2025-10-23","05:00","Refresh","C:\Temp\ExcelAutomation\02 Data Update - 05.00 AM.xlsx","\\192.168.1.237\Accounts\SURESH_KAKEE_AUTOMATION PROJECTS\MARKETING EMPLOYEES\008 FMRM REPORTS-FY-2025-26_New\005. OEM (P)\FY - 2025-26\1 Revenue, Collection & Outstanding Report - OEM P.xlsb","","OK","","51","",""
"2025-10-23 07:40:59","2025-10-23","05:00","Refresh","C:\Temp\ExcelAutomation\02 Data Update - 05.00 AM.xlsx","\\192.168.1.237\Accounts\SURESH_KAKEE_AUTOMATION PROJECTS\MARKETING EMPLOYEES\008 FMRM REPORTS-FY-2025-26_New\004. OEM (C)\FY - 2025-26\1 Revenue, Collection & Outstanding Report - OEM C.xlsb","","OK","","54","",""
"2025-10-23 07:41:57","2025-10-23","05:00","Refresh","C:\Temp\ExcelAutomation\02 Data Update - 05.00 AM.xlsx","\\192.168.1.237\Accounts\SURESH_KAKEE_AUTOMATION PROJECTS\MARKETING EMPLOYEES\008 FMRM REPORTS-FY-2025-26_New\008. Prod Vs Ele & R & M Analysis\5 Production Vs Electricity & Repairs and Maintance Expenses Report - GJ.xlsb","","OK","","56","",""
"2025-10-23 07:41:57","2025-10-23","05:00","Refresh","C:\Temp\ExcelAutomation\02 Data Update - 05.00 AM.xlsx","\\192.168.1.237\Accounts\SURESH_KAKEE_AUTOMATION PROJECTS\MARKETING EMPLOYEES\008 FMRM REPORTS-FY-2025-26_New\007. Raw Material\FY - 2025-26\1 Revenue, Collection & Outstanding Report - RM.xlsb","","OK","","57","",""
"2025-10-23 07:42:00","2025-10-23","05:00","Refresh","C:\Temp\ExcelAutomation\02 Data Update - 05.00 AM.xlsx","\\192.168.1.237\Accounts\SURESH_KAKEE_AUTOMATION PROJECTS\MARKETING EMPLOYEES\008 FMRM REPORTS-FY-2025-26_New\008. Prod Vs Ele & R & M Analysis\5 Production Vs Electricity & Repairs and Maintance Expenses Report - MHL.xlsb","","OK","","57","",""
"2025-10-23 07:42:46","2025-10-23","05:00","Refresh","C:\Temp\ExcelAutomation\02 Data Update - 05.00 AM.xlsx","\\192.168.1.237\Accounts\SURESH_KAKEE_AUTOMATION PROJECTS\MARKETING EMPLOYEES\008 FMRM REPORTS-FY-2025-26_New\010. Transportation Cost Analysis\6.2 Transportation Cost Analysis-2025-26.xlsb","","OK","","43","",""
"2025-10-23 07:42:47","2025-10-23","05:00","Refresh","C:\Temp\ExcelAutomation\02 Data Update - 05.00 AM.xlsx","\\192.168.1.237\Accounts\SURESH_KAKEE_AUTOMATION PROJECTS\MARKETING EMPLOYEES\008 FMRM REPORTS-FY-2025-26_New\008. Prod Vs Ele & R & M Analysis\5 Production Vs Electricity & Repairs and Maintance Expenses Report - UN.xlsb","","OK","","48","",""
"2025-10-23 07:42:49","2025-10-23","05:00","Refresh","C:\Temp\ExcelAutomation\02 Data Update - 05.00 AM.xlsx","\\192.168.1.237\Accounts\SURESH_KAKEE_AUTOMATION PROJECTS\MARKETING EMPLOYEES\008 FMRM REPORTS-FY-2025-26_New\008. Prod Vs Ele & R & M Analysis\5 Production Vs Electricity & Repairs and Maintance Expenses Report.xlsb","","OK","","48","",""
"2025-10-23 07:43:13","2025-10-23","05:00","Refresh","C:\Temp\ExcelAutomation\02 Data Update - 05.00 AM.xlsx","\\192.168.1.237\Accounts\SURESH_KAKEE_AUTOMATION PROJECTS\MARKETING EMPLOYEES\008 FMRM REPORTS-FY-2025-26_New\011. Warehouse Cost Analysis\6.3 Warehouse Cost Analysis-2025-26.xlsb","","OK","","25","",""
"2025-10-23 07:43:13","2025-10-23","05:00","Refresh","C:\Temp\ExcelAutomation\02 Data Update - 05.00 AM.xlsx","\\192.168.1.237\Accounts\SURESH_KAKEE_AUTOMATION PROJECTS\MARKETING EMPLOYEES\008 FMRM REPORTS-FY-2025-26_New\012. PPC - Stock Ageing\3 PPC - Stock Ageing Report - 2025-26.xlsb","","OK","","24","",""
"2025-10-23 07:43:14","2025-10-23","05:00","Refresh","C:\Temp\ExcelAutomation\02 Data Update - 05.00 AM.xlsx","\\192.168.1.237\Accounts\SURESH_KAKEE_AUTOMATION PROJECTS\MARKETING EMPLOYEES\008 FMRM REPORTS-FY-2025-26_New\012. PPC - Stock Ageing\3 Stock Ageing - Gujarat.xlsb","","OK","","22","",""
"2025-10-23 07:43:38","2025-10-23","05:00","Refresh","C:\Temp\ExcelAutomation\02 Data Update - 05.00 AM.xlsx","\\192.168.1.237\Accounts\SURESH_KAKEE_AUTOMATION PROJECTS\MARKETING EMPLOYEES\008 FMRM REPORTS-FY-2025-26_New\012. PPC - Stock Ageing\3 Stock Ageing - Mr Mahesh Konnur.xlsb","","OK","","23","",""
"2025-10-23 07:43:40","2025-10-23","05:00","Refresh","C:\Temp\ExcelAutomation\02 Data Update - 05.00 AM.xlsx","\\192.168.1.237\Accounts\SURESH_KAKEE_AUTOMATION PROJECTS\MARKETING EMPLOYEES\008 FMRM REPORTS-FY-2025-26_New\012. PPC - Stock Ageing\3 Stock Ageing - Mr Snehal D Vhasale.xlsb","","OK","","24","",""
"2025-10-23 07:43:41","2025-10-23","05:00","Refresh","C:\Temp\ExcelAutomation\02 Data Update - 05.00 AM.xlsx","\\192.168.1.237\Accounts\SURESH_KAKEE_AUTOMATION PROJECTS\MARKETING EMPLOYEES\008 FMRM REPORTS-FY-2025-26_New\012. PPC - Stock Ageing\3 Stock Ageing - Udyamnagar.xlsb","","OK","","23","",""
"2025-10-23 07:44:59","2025-10-23","05:00","Refresh","C:\Temp\ExcelAutomation\02 Data Update - 05.00 AM.xlsx","\\192.168.1.237\Accounts\SURESH_KAKEE_AUTOMATION PROJECTS\SOLAPUR (HO)\01. CA AND FINANCE\04. SACHIN HABIB\008 FMRM REPORTS-FY-2025-26\009. Production\4. Gujarat_Atul Chhatre.xlsb","","OK","","76","",""
"2025-10-23 07:44:59","2025-10-23","05:00","Refresh","C:\Temp\ExcelAutomation\02 Data Update - 05.00 AM.xlsx","\\192.168.1.237\Accounts\SURESH_KAKEE_AUTOMATION PROJECTS\SOLAPUR (HO)\01. CA AND FINANCE\04. SACHIN HABIB\008 FMRM REPORTS-FY-2025-26\009. Production\4. Gujarat_Ankur Shrivastava.xlsb","","OK","","77","",""
"2025-10-23 07:44:59","2025-10-23","05:00","Refresh","C:\Temp\ExcelAutomation\02 Data Update - 05.00 AM.xlsx","\\192.168.1.237\Accounts\SURESH_KAKEE_AUTOMATION PROJECTS\SOLAPUR (HO)\01. CA AND FINANCE\04. SACHIN HABIB\008 FMRM REPORTS-FY-2025-26\009. Production\4. Gujarat_Abhimanyu Tiwari.xlsb","","OK","","79","",""
"2025-10-23 07:46:44","2025-10-23","05:00","Refresh","C:\Temp\ExcelAutomation\02 Data Update - 05.00 AM.xlsx","\\192.168.1.237\Accounts\SURESH_KAKEE_AUTOMATION PROJECTS\SOLAPUR (HO)\01. CA AND FINANCE\04. SACHIN HABIB\008 FMRM REPORTS-FY-2025-26\009. Production\4. Mohol_Mahesh Konnur.xlsb","","OK","","100","",""
"2025-10-23 07:46:46","2025-10-23","05:00","Refresh","C:\Temp\ExcelAutomation\02 Data Update - 05.00 AM.xlsx","\\192.168.1.237\Accounts\SURESH_KAKEE_AUTOMATION PROJECTS\SOLAPUR (HO)\01. CA AND FINANCE\04. SACHIN HABIB\008 FMRM REPORTS-FY-2025-26\009. Production\4. Mohol_Mr. Altaf Buddebhai.xlsb","","OK","","103","",""
"2025-10-23 07:46:48","2025-10-23","05:00","Refresh","C:\Temp\ExcelAutomation\02 Data Update - 05.00 AM.xlsx","\\192.168.1.237\Accounts\SURESH_KAKEE_AUTOMATION PROJECTS\SOLAPUR (HO)\01. CA AND FINANCE\04. SACHIN HABIB\008 FMRM REPORTS-FY-2025-26\009. Production\4. Management.xlsb","","OK","","107","",""
"2025-10-23 07:48:00","2025-10-23","05:00","Refresh","C:\Temp\ExcelAutomation\02 Data Update - 05.00 AM.xlsx","\\192.168.1.237\Accounts\SURESH_KAKEE_AUTOMATION PROJECTS\SOLAPUR (HO)\01. CA AND FINANCE\04. SACHIN HABIB\008 FMRM REPORTS-FY-2025-26\009. Production\4. Udyamnagar_(Conversion).xlsb","","OK","","69","",""
"2025-10-23 07:48:01","2025-10-23","05:00","Refresh","C:\Temp\ExcelAutomation\02 Data Update - 05.00 AM.xlsx","\\192.168.1.237\Accounts\SURESH_KAKEE_AUTOMATION PROJECTS\SOLAPUR (HO)\01. CA AND FINANCE\04. SACHIN HABIB\008 FMRM REPORTS-FY-2025-26\009. Production\4. Udyamnagar_(AS).xlsb","","OK","","72","",""
"2025-10-23 07:48:02","2025-10-23","05:00","Refresh","C:\Temp\ExcelAutomation\02 Data Update - 05.00 AM.xlsx","\\192.168.1.237\Accounts\SURESH_KAKEE_AUTOMATION PROJECTS\SOLAPUR (HO)\01. CA AND FINANCE\04. SACHIN HABIB\008 FMRM REPORTS-FY-2025-26\009. Production\4. Mohol_Snehal D Vhasale.xlsb","","OK","","76","",""
"2025-10-23 07:49:17","2025-10-23","05:00","Refresh","C:\Temp\ExcelAutomation\02 Data Update - 05.00 AM.xlsx","\\192.168.1.237\Accounts\SURESH_KAKEE_AUTOMATION PROJECTS\SOLAPUR (HO)\01. CA AND FINANCE\04. SACHIN HABIB\008 FMRM REPORTS-FY-2025-26\009. Production\4. Udyamnagar_Alok Mahapatra (Building).xlsb","","OK","","74","",""
"2025-10-23 07:49:17","2025-10-23","05:00","Refresh","C:\Temp\ExcelAutomation\02 Data Update - 05.00 AM.xlsx","\\192.168.1.237\Accounts\SURESH_KAKEE_AUTOMATION PROJECTS\SOLAPUR (HO)\01. CA AND FINANCE\04. SACHIN HABIB\008 FMRM REPORTS-FY-2025-26\009. Production\4. Udyamnagar_Alok Mahapatra (Agri).xlsb","","OK","","75","",""
"2025-10-23 07:49:17","2025-10-23","05:00","Refresh","C:\Temp\ExcelAutomation\02 Data Update - 05.00 AM.xlsx","\\192.168.1.237\Accounts\SURESH_KAKEE_AUTOMATION PROJECTS\SOLAPUR (HO)\01. CA AND FINANCE\04. SACHIN HABIB\008 FMRM REPORTS-FY-2025-26\009. Production\4. Udyamnagar_Alok Mahapatra (CnC).xlsb","","OK","","72","",""
"2025-10-23 07:50:44","2025-10-23","05:00","Refresh","C:\Temp\ExcelAutomation\02 Data Update - 05.00 AM.xlsx","\\192.168.1.237\Accounts\SURESH_KAKEE_AUTOMATION PROJECTS\SOLAPUR (HO)\01. CA AND FINANCE\04. SACHIN HABIB\008 FMRM REPORTS-FY-2025-26\009. Production\4. Udyamnagar_Pramod Sutar (Suction_Fabricated_RRJ).xlsb","","OK","","82","",""
"2025-10-23 07:50:44","2025-10-23","05:00","Refresh","C:\Temp\ExcelAutomation\02 Data Update - 05.00 AM.xlsx","\\192.168.1.237\Accounts\SURESH_KAKEE_AUTOMATION PROJECTS\SOLAPUR (HO)\01. CA AND FINANCE\04. SACHIN HABIB\008 FMRM REPORTS-FY-2025-26\009. Production\4. Udyamnagar_Kiran Choudhari (PE).xlsb","","OK","","84","",""
"2025-10-23 07:50:45","2025-10-23","05:00","Refresh","C:\Temp\ExcelAutomation\02 Data Update - 05.00 AM.xlsx","\\192.168.1.237\Accounts\SURESH_KAKEE_AUTOMATION PROJECTS\SOLAPUR (HO)\01. CA AND FINANCE\04. SACHIN HABIB\008 FMRM REPORTS-FY-2025-26\009. Production\4. Udyamnagar_Kiran Choudhari (PVC).xlsb","","OK","","85","",""
"2025-10-23 07:52:07","2025-10-23","05:00","Refresh","C:\Temp\ExcelAutomation\02 Data Update - 05.00 AM.xlsx","\\192.168.1.237\Accounts\SURESH_KAKEE_AUTOMATION PROJECTS\MARKETING EMPLOYEES\008 FMRM REPORTS-FY-2025-26_New\009. Production\4. Gujarat_Abhimanyu Tiwari - FMRM.xlsb","","OK","","79","",""
"2025-10-23 07:52:08","2025-10-23","05:00","Refresh","C:\Temp\ExcelAutomation\02 Data Update - 05.00 AM.xlsx","\\192.168.1.237\Accounts\SURESH_KAKEE_AUTOMATION PROJECTS\MARKETING EMPLOYEES\008 FMRM REPORTS-FY-2025-26_New\009. Production\4. Gujarat_Abhimanyu Tiwari.xlsb","","OK","","80","",""
"2025-10-23 07:52:08","2025-10-23","05:00","Refresh","C:\Temp\ExcelAutomation\02 Data Update - 05.00 AM.xlsx","\\192.168.1.237\Accounts\SURESH_KAKEE_AUTOMATION PROJECTS\SOLAPUR (HO)\01. CA AND FINANCE\04. SACHIN HABIB\008 FMRM REPORTS-FY-2025-26\009. Production\4. Udyamnagar_Pramod Sutar.xlsb","","OK","","82","",""
"2025-10-23 07:53:45","2025-10-23","05:00","Refresh","C:\Temp\ExcelAutomation\02 Data Update - 05.00 AM.xlsx","\\192.168.1.237\Accounts\SURESH_KAKEE_AUTOMATION PROJECTS\MARKETING EMPLOYEES\008 FMRM REPORTS-FY-2025-26_New\009. Production\4. Gujarat_Ankur Shrivastava.xlsb","","OK","","95","",""
"2025-10-23 07:53:45","2025-10-23","05:00","Refresh","C:\Temp\ExcelAutomation\02 Data Update - 05.00 AM.xlsx","\\192.168.1.237\Accounts\SURESH_KAKEE_AUTOMATION PROJECTS\MARKETING EMPLOYEES\008 FMRM REPORTS-FY-2025-26_New\009. Production\4. Gujarat_Ankur Shrivastava - FMRM.xlsb","","OK","","97","",""
"2025-10-23 07:53:48","2025-10-23","05:00","Refresh","C:\Temp\ExcelAutomation\02 Data Update - 05.00 AM.xlsx","\\192.168.1.237\Accounts\SURESH_KAKEE_AUTOMATION PROJECTS\MARKETING EMPLOYEES\008 FMRM REPORTS-FY-2025-26_New\009. Production\4. Management.xlsb","","OK","","97","",""
"2025-10-23 07:55:05","2025-10-23","05:00","Refresh","C:\Temp\ExcelAutomation\02 Data Update - 05.00 AM.xlsx","\\192.168.1.237\Accounts\SURESH_KAKEE_AUTOMATION PROJECTS\MARKETING EMPLOYEES\008 FMRM REPORTS-FY-2025-26_New\009. Production\4. Udyamnagar_(Conversion).xlsb","","OK","","73","",""
"2025-10-23 07:55:05","2025-10-23","05:00","Refresh","C:\Temp\ExcelAutomation\02 Data Update - 05.00 AM.xlsx","\\192.168.1.237\Accounts\SURESH_KAKEE_AUTOMATION PROJECTS\MARKETING EMPLOYEES\008 FMRM REPORTS-FY-2025-26_New\009. Production\4. Udyamnagar_(AS).xlsb","","OK","","76","",""
"2025-10-23 07:55:07","2025-10-23","05:00","Refresh","C:\Temp\ExcelAutomation\02 Data Update - 05.00 AM.xlsx","\\192.168.1.237\Accounts\SURESH_KAKEE_AUTOMATION PROJECTS\MARKETING EMPLOYEES\008 FMRM REPORTS-FY-2025-26_New\009. Production\4. Mohol_Mr. Altaf Buddebhai.xlsb","","OK","","78","",""
"2025-10-23 07:56:19","2025-10-23","05:00","Refresh","C:\Temp\ExcelAutomation\02 Data Update - 05.00 AM.xlsx","\\192.168.1.237\Accounts\SURESH_KAKEE_AUTOMATION PROJECTS\MARKETING EMPLOYEES\008 FMRM REPORTS-FY-2025-26_New\009. Production\4. Udyamnagar_Alok Mahapatra (Building).xlsb","","OK","","71","",""
"2025-10-23 07:56:19","2025-10-23","05:00","Refresh","C:\Temp\ExcelAutomation\02 Data Update - 05.00 AM.xlsx","\\192.168.1.237\Accounts\SURESH_KAKEE_AUTOMATION PROJECTS\MARKETING EMPLOYEES\008 FMRM REPORTS-FY-2025-26_New\009. Production\4. Udyamnagar_Alok Mahapatra (CnC).xlsb","","OK","","70","",""
"2025-10-23 07:56:20","2025-10-23","05:00","Refresh","C:\Temp\ExcelAutomation\02 Data Update - 05.00 AM.xlsx","\\192.168.1.237\Accounts\SURESH_KAKEE_AUTOMATION PROJECTS\MARKETING EMPLOYEES\008 FMRM REPORTS-FY-2025-26_New\009. Production\4. Udyamnagar_Alok Mahapatra (Agri).xlsb","","OK","","73","",""
"2025-10-23 07:57:47","2025-10-23","05:00","Refresh","C:\Temp\ExcelAutomation\02 Data Update - 05.00 AM.xlsx","\\192.168.1.237\Accounts\SURESH_KAKEE_AUTOMATION PROJECTS\MARKETING EMPLOYEES\008 FMRM REPORTS-FY-2025-26_New\009. Production\4. Udyamnagar_Pramod Sutar (Suction_Fabricated_RRJ).xlsb","","OK","","84","",""
"2025-10-23 07:57:49","2025-10-23","05:00","Refresh","C:\Temp\ExcelAutomation\02 Data Update - 05.00 AM.xlsx","\\192.168.1.237\Accounts\SURESH_KAKEE_AUTOMATION PROJECTS\MARKETING EMPLOYEES\008 FMRM REPORTS-FY-2025-26_New\009. Production\4. Udyamnagar_Kiran Choudhari (PVC).xlsb","","OK","","87","",""
"2025-10-23 07:57:50","2025-10-23","05:00","Refresh","C:\Temp\ExcelAutomation\02 Data Update - 05.00 AM.xlsx","\\192.168.1.237\Accounts\SURESH_KAKEE_AUTOMATION PROJECTS\MARKETING EMPLOYEES\008 FMRM REPORTS-FY-2025-26_New\009. Production\4. Udyamnagar_Kiran Choudhari (PE).xlsb","","OK","","89","",""
"2025-10-23 07:58:33","2025-10-23","05:00","Refresh","C:\Temp\ExcelAutomation\02 Data Update - 05.00 AM.xlsx","\\192.168.1.237\Accounts\SURESH_KAKEE_AUTOMATION PROJECTS\MARKETING EMPLOYEES\008 FMRM REPORTS-FY-2025-26_New\009. Production\1.xlsb","","OK","","44","",""
